[2026-06-17 04:32:50] === GENIEACS DEBUG START ===
[2026-06-17 04:32:50] Original device_id from URL: 00259E-HS8145C-48575443C221449C
[2026-06-17 04:32:50] Fully decoded device_id: 00259E-HS8145C-48575443C221449C
[2026-06-17 04:32:50] Found in DB: 00259E-HS8145C-48575443C221449C
[2026-06-17 04:32:50] Device ID variants to try: ["00259E-HS8145C-48575443C221449C"]
[2026-06-17 04:32:50] Attempt 0A - Filter exact: devices?query=%7B%22_id%22%3A%2200259E-HS8145C-48575443C221449C%22%7D
[2026-06-17 04:32:50] Attempt 0A - HTTP: 200, Count: 1
[2026-06-17 04:32:50] SUCCESS with filter exact match
[2026-06-17 04:32:50] === GENIEACS DEBUG END ===
[2026-06-17 04:33:12] === GENIEACS DEBUG START ===
[2026-06-17 04:33:12] Original device_id from URL: 00259E-HS8145C-48575443C221449C
[2026-06-17 04:33:12] Fully decoded device_id: 00259E-HS8145C-48575443C221449C
[2026-06-17 04:33:12] Found in DB: 00259E-HS8145C-48575443C221449C
[2026-06-17 04:33:12] Device ID variants to try: ["00259E-HS8145C-48575443C221449C"]
[2026-06-17 04:33:12] Attempt 0A - Filter exact: devices?query=%7B%22_id%22%3A%2200259E-HS8145C-48575443C221449C%22%7D
[2026-06-17 04:33:12] Attempt 0A - HTTP: 200, Count: 1
[2026-06-17 04:33:12] SUCCESS with filter exact match
[2026-06-17 04:33:12] === GENIEACS DEBUG END ===
[2026-06-17 04:33:12] === GENIEACS DEBUG START ===
[2026-06-17 04:33:12] Original device_id from URL: 00259E-HS8145C-48575443C221449C
[2026-06-17 04:33:12] Fully decoded device_id: 00259E-HS8145C-48575443C221449C
[2026-06-17 04:33:12] Found in DB: 00259E-HS8145C-48575443C221449C
[2026-06-17 04:33:12] Device ID variants to try: ["00259E-HS8145C-48575443C221449C"]
[2026-06-17 04:33:12] Attempt 0A - Filter exact: devices?query=%7B%22_id%22%3A%2200259E-HS8145C-48575443C221449C%22%7D
[2026-06-17 04:33:13] Attempt 0A - HTTP: 200, Count: 1
[2026-06-17 04:33:13] SUCCESS with filter exact match
[2026-06-17 04:33:13] === GENIEACS DEBUG END ===
[2026-06-17 05:48:44] === GENIEACS DEBUG START ===
[2026-06-17 05:48:44] Original device_id from URL: 00259E-HS8145C-48575443C221449C
[2026-06-17 05:48:44] Fully decoded device_id: 00259E-HS8145C-48575443C221449C
[2026-06-17 05:48:44] Found in DB: 00259E-HS8145C-48575443C221449C
[2026-06-17 05:48:44] Device ID variants to try: ["00259E-HS8145C-48575443C221449C"]
[2026-06-17 05:48:44] Attempt 0A - Filter exact: devices?query=%7B%22_id%22%3A%2200259E-HS8145C-48575443C221449C%22%7D
[2026-06-17 05:48:44] Attempt 0A - HTTP: 200, Count: 1
[2026-06-17 05:48:44] SUCCESS with filter exact match
[2026-06-17 05:48:44] === GENIEACS DEBUG END ===
[2026-06-17 11:30:03] === GENIEACS DEBUG START ===
[2026-06-17 11:30:03] Original device_id from URL: 00259E-HS8145C-48575443C221449C
[2026-06-17 11:30:03] Fully decoded device_id: 00259E-HS8145C-48575443C221449C
[2026-06-17 11:30:03] Found in DB: 00259E-HS8145C-48575443C221449C
[2026-06-17 11:30:03] Device ID variants to try: ["00259E-HS8145C-48575443C221449C"]
[2026-06-17 11:30:03] Attempt 0A - Filter exact: devices?query=%7B%22_id%22%3A%2200259E-HS8145C-48575443C221449C%22%7D
[2026-06-17 11:30:04] Attempt 0A - HTTP: 200, Count: 1
[2026-06-17 11:30:04] SUCCESS with filter exact match
[2026-06-17 11:30:04] === GENIEACS DEBUG END ===
[2026-06-17 11:30:04] === GENIEACS DEBUG START ===
[2026-06-17 11:30:04] Original device_id from URL: 00259E-HS8145C-48575443C221449C
[2026-06-17 11:30:04] Fully decoded device_id: 00259E-HS8145C-48575443C221449C
[2026-06-17 11:30:04] Found in DB: 00259E-HS8145C-48575443C221449C
[2026-06-17 11:30:04] Device ID variants to try: ["00259E-HS8145C-48575443C221449C"]
[2026-06-17 11:30:04] Attempt 0A - Filter exact: devices?query=%7B%22_id%22%3A%2200259E-HS8145C-48575443C221449C%22%7D
[2026-06-17 11:30:04] Attempt 0A - HTTP: 200, Count: 1
[2026-06-17 11:30:04] SUCCESS with filter exact match
[2026-06-17 11:30:04] === GENIEACS DEBUG END ===
[2026-06-17 23:24:46] === GENIEACS DEBUG START ===
[2026-06-17 23:24:46] Original device_id from URL: 00259E-HS8145C-48575443C221449C
[2026-06-17 23:24:46] Fully decoded device_id: 00259E-HS8145C-48575443C221449C
[2026-06-17 23:24:46] Found in DB: 00259E-HS8145C-48575443C221449C
[2026-06-17 23:24:46] Device ID variants to try: ["00259E-HS8145C-48575443C221449C"]
[2026-06-17 23:24:46] Attempt 0A - Filter exact: devices?query=%7B%22_id%22%3A%2200259E-HS8145C-48575443C221449C%22%7D
[2026-06-17 23:24:46] Attempt 0A - HTTP: 200, Count: 1
[2026-06-17 23:24:46] SUCCESS with filter exact match
[2026-06-17 23:24:46] === GENIEACS DEBUG END ===
[2026-06-18 17:53:43] === GENIEACS DEBUG START ===
[2026-06-18 17:53:43] Original device_id from URL: 00259E-HS8145C-48575443C221449C
[2026-06-18 17:53:43] Fully decoded device_id: 00259E-HS8145C-48575443C221449C
[2026-06-18 17:53:43] Found in DB: 00259E-HS8145C-48575443C221449C
[2026-06-18 17:53:43] Device ID variants to try: ["00259E-HS8145C-48575443C221449C"]
[2026-06-18 17:53:43] Attempt 0A - Filter exact: devices?query=%7B%22_id%22%3A%2200259E-HS8145C-48575443C221449C%22%7D
[2026-06-18 17:53:43] Attempt 0A - HTTP: 200, Count: 1
[2026-06-18 17:53:43] SUCCESS with filter exact match
[2026-06-18 17:53:43] === GENIEACS DEBUG END ===
[2026-06-18 19:56:50] === GENIEACS DEBUG START ===
[2026-06-18 19:56:50] Original device_id from URL: 00259E-HS8145C-48575443C221449C
[2026-06-18 19:56:50] Fully decoded device_id: 00259E-HS8145C-48575443C221449C
[2026-06-18 19:56:50] Found in DB: 00259E-HS8145C-48575443C221449C
[2026-06-18 19:56:50] Device ID variants to try: ["00259E-HS8145C-48575443C221449C"]
[2026-06-18 19:56:50] Attempt 0A - Filter exact: devices?query=%7B%22_id%22%3A%2200259E-HS8145C-48575443C221449C%22%7D
[2026-06-18 19:56:50] Attempt 0A - HTTP: 200, Count: 1
[2026-06-18 19:56:50] SUCCESS with filter exact match
[2026-06-18 19:56:50] === GENIEACS DEBUG END ===
[2026-06-18 20:04:12] === GENIEACS DEBUG START ===
[2026-06-18 20:04:12] Original device_id from URL: 00259E-HS8145C-48575443C221449C
[2026-06-18 20:04:12] Fully decoded device_id: 00259E-HS8145C-48575443C221449C
[2026-06-18 20:04:12] Found in DB: 00259E-HS8145C-48575443C221449C
[2026-06-18 20:04:12] Device ID variants to try: ["00259E-HS8145C-48575443C221449C"]
[2026-06-18 20:04:12] Attempt 0A - Filter exact: devices?query=%7B%22_id%22%3A%2200259E-HS8145C-48575443C221449C%22%7D
[2026-06-18 20:04:12] Attempt 0A - HTTP: 200, Count: 1
[2026-06-18 20:04:12] SUCCESS with filter exact match
[2026-06-18 20:04:12] === GENIEACS DEBUG END ===
[2026-06-18 23:19:51] === GENIEACS DEBUG START ===
[2026-06-18 23:19:51] Original device_id from URL: F814FE-F663NV3a-ZICGA57506D8
[2026-06-18 23:19:51] Fully decoded device_id: F814FE-F663NV3a-ZICGA57506D8
[2026-06-18 23:19:51] Device ID variants to try: ["F814FE-F663NV3a-ZICGA57506D8"]
[2026-06-18 23:19:51] Attempt 0A - Filter exact: devices?query=%7B%22_id%22%3A%22F814FE-F663NV3a-ZICGA57506D8%22%7D
[2026-06-18 23:19:51] Attempt 0A - HTTP: 200, Count: 1
[2026-06-18 23:19:51] SUCCESS with filter exact match
[2026-06-18 23:19:51] === GENIEACS DEBUG END ===
[2026-06-19 17:51:39] === GENIEACS DEBUG START ===
[2026-06-19 17:51:39] Original device_id from URL: F814FE-F663NV3a-ZICGA57506D8
[2026-06-19 17:51:39] Fully decoded device_id: F814FE-F663NV3a-ZICGA57506D8
[2026-06-19 17:51:39] Device ID variants to try: ["F814FE-F663NV3a-ZICGA57506D8"]
[2026-06-19 17:51:39] Attempt 0A - Filter exact: devices?query=%7B%22_id%22%3A%22F814FE-F663NV3a-ZICGA57506D8%22%7D
[2026-06-19 17:51:39] Attempt 0A - HTTP: 200, Count: 1
[2026-06-19 17:51:39] SUCCESS with filter exact match
[2026-06-19 17:51:39] === GENIEACS DEBUG END ===
[2026-06-19 17:52:01] === GENIEACS DEBUG START ===
[2026-06-19 17:52:01] Original device_id from URL: F814FE-F663NV3a-ZICGA57506D8
[2026-06-19 17:52:01] Fully decoded device_id: F814FE-F663NV3a-ZICGA57506D8
[2026-06-19 17:52:01] Device ID variants to try: ["F814FE-F663NV3a-ZICGA57506D8"]
[2026-06-19 17:52:01] Attempt 0A - Filter exact: devices?query=%7B%22_id%22%3A%22F814FE-F663NV3a-ZICGA57506D8%22%7D
[2026-06-19 17:52:01] Attempt 0A - HTTP: 200, Count: 1
[2026-06-19 17:52:01] SUCCESS with filter exact match
[2026-06-19 17:52:01] === GENIEACS DEBUG END ===
[2026-06-19 17:52:01] === GENIEACS DEBUG START ===
[2026-06-19 17:52:01] Original device_id from URL: F814FE-F663NV3a-ZICGA57506D8
[2026-06-19 17:52:01] Fully decoded device_id: F814FE-F663NV3a-ZICGA57506D8
[2026-06-19 17:52:01] Device ID variants to try: ["F814FE-F663NV3a-ZICGA57506D8"]
[2026-06-19 17:52:01] Attempt 0A - Filter exact: devices?query=%7B%22_id%22%3A%22F814FE-F663NV3a-ZICGA57506D8%22%7D
[2026-06-19 17:52:01] Attempt 0A - HTTP: 200, Count: 1
[2026-06-19 17:52:01] SUCCESS with filter exact match
[2026-06-19 17:52:01] === GENIEACS DEBUG END ===
[2026-06-19 17:59:24] === GENIEACS DEBUG START ===
[2026-06-19 17:59:24] Original device_id from URL: F814FE-F663NV3a-ZICGA57506D8
[2026-06-19 17:59:24] Fully decoded device_id: F814FE-F663NV3a-ZICGA57506D8
[2026-06-19 17:59:24] Device ID variants to try: ["F814FE-F663NV3a-ZICGA57506D8"]
[2026-06-19 17:59:24] Attempt 0A - Filter exact: devices?query=%7B%22_id%22%3A%22F814FE-F663NV3a-ZICGA57506D8%22%7D
[2026-06-19 17:59:24] Attempt 0A - HTTP: 200, Count: 1
[2026-06-19 17:59:24] SUCCESS with filter exact match
[2026-06-19 17:59:24] === GENIEACS DEBUG END ===
[2026-06-19 17:59:24] === GENIEACS DEBUG START ===
[2026-06-19 17:59:24] Original device_id from URL: F814FE-F663NV3a-ZICGA57506D8
[2026-06-19 17:59:24] Fully decoded device_id: F814FE-F663NV3a-ZICGA57506D8
[2026-06-19 17:59:24] Device ID variants to try: ["F814FE-F663NV3a-ZICGA57506D8"]
[2026-06-19 17:59:24] Attempt 0A - Filter exact: devices?query=%7B%22_id%22%3A%22F814FE-F663NV3a-ZICGA57506D8%22%7D
[2026-06-19 17:59:24] Attempt 0A - HTTP: 200, Count: 1
[2026-06-19 17:59:24] SUCCESS with filter exact match
[2026-06-19 17:59:24] === GENIEACS DEBUG END ===
[2026-06-19 17:59:29] === GENIEACS DEBUG START ===
[2026-06-19 17:59:29] Original device_id from URL: F814FE-F663NV3a-ZICGA57506D8
[2026-06-19 17:59:29] Fully decoded device_id: F814FE-F663NV3a-ZICGA57506D8
[2026-06-19 17:59:29] Device ID variants to try: ["F814FE-F663NV3a-ZICGA57506D8"]
[2026-06-19 17:59:29] Attempt 0A - Filter exact: devices?query=%7B%22_id%22%3A%22F814FE-F663NV3a-ZICGA57506D8%22%7D
[2026-06-19 17:59:29] Attempt 0A - HTTP: 200, Count: 1
[2026-06-19 17:59:29] SUCCESS with filter exact match
[2026-06-19 17:59:29] === GENIEACS DEBUG END ===
[2026-06-19 17:59:29] === GENIEACS DEBUG START ===
[2026-06-19 17:59:29] Original device_id from URL: F814FE-F663NV3a-ZICGA57506D8
[2026-06-19 17:59:29] Fully decoded device_id: F814FE-F663NV3a-ZICGA57506D8
[2026-06-19 17:59:29] Device ID variants to try: ["F814FE-F663NV3a-ZICGA57506D8"]
[2026-06-19 17:59:29] Attempt 0A - Filter exact: devices?query=%7B%22_id%22%3A%22F814FE-F663NV3a-ZICGA57506D8%22%7D
[2026-06-19 17:59:29] Attempt 0A - HTTP: 200, Count: 1
[2026-06-19 17:59:29] SUCCESS with filter exact match
[2026-06-19 17:59:29] === GENIEACS DEBUG END ===
[2026-06-19 17:59:36] === GENIEACS DEBUG START ===
[2026-06-19 17:59:36] Original device_id from URL: F814FE-F663NV3a-ZICGA57506D8
[2026-06-19 17:59:36] Fully decoded device_id: F814FE-F663NV3a-ZICGA57506D8
[2026-06-19 17:59:36] Device ID variants to try: ["F814FE-F663NV3a-ZICGA57506D8"]
[2026-06-19 17:59:36] Attempt 0A - Filter exact: devices?query=%7B%22_id%22%3A%22F814FE-F663NV3a-ZICGA57506D8%22%7D
[2026-06-19 17:59:36] Attempt 0A - HTTP: 200, Count: 1
[2026-06-19 17:59:36] SUCCESS with filter exact match
[2026-06-19 17:59:36] === GENIEACS DEBUG END ===
[2026-06-19 17:59:36] === GENIEACS DEBUG START ===
[2026-06-19 17:59:36] Original device_id from URL: F814FE-F663NV3a-ZICGA57506D8
[2026-06-19 17:59:36] Fully decoded device_id: F814FE-F663NV3a-ZICGA57506D8
[2026-06-19 17:59:36] Device ID variants to try: ["F814FE-F663NV3a-ZICGA57506D8"]
[2026-06-19 17:59:36] Attempt 0A - Filter exact: devices?query=%7B%22_id%22%3A%22F814FE-F663NV3a-ZICGA57506D8%22%7D
[2026-06-19 17:59:36] Attempt 0A - HTTP: 200, Count: 1
[2026-06-19 17:59:36] SUCCESS with filter exact match
[2026-06-19 17:59:36] === GENIEACS DEBUG END ===
[2026-06-19 18:04:47] === GENIEACS DEBUG START ===
[2026-06-19 18:04:47] Original device_id from URL: F814FE-F663NV3a-ZICGA57506D8
[2026-06-19 18:04:47] Fully decoded device_id: F814FE-F663NV3a-ZICGA57506D8
[2026-06-19 18:04:47] Device ID variants to try: ["F814FE-F663NV3a-ZICGA57506D8"]
[2026-06-19 18:04:47] Attempt 0A - Filter exact: devices?query=%7B%22_id%22%3A%22F814FE-F663NV3a-ZICGA57506D8%22%7D
[2026-06-19 18:04:47] Attempt 0A - HTTP: 200, Count: 1
[2026-06-19 18:04:47] SUCCESS with filter exact match
[2026-06-19 18:04:47] === GENIEACS DEBUG END ===
[2026-06-19 18:04:47] === GENIEACS DEBUG START ===
[2026-06-19 18:04:47] Original device_id from URL: F814FE-F663NV3a-ZICGA57506D8
[2026-06-19 18:04:47] Fully decoded device_id: F814FE-F663NV3a-ZICGA57506D8
[2026-06-19 18:04:47] Device ID variants to try: ["F814FE-F663NV3a-ZICGA57506D8"]
[2026-06-19 18:04:47] Attempt 0A - Filter exact: devices?query=%7B%22_id%22%3A%22F814FE-F663NV3a-ZICGA57506D8%22%7D
[2026-06-19 18:04:47] Attempt 0A - HTTP: 200, Count: 1
[2026-06-19 18:04:47] SUCCESS with filter exact match
[2026-06-19 18:04:47] === GENIEACS DEBUG END ===
[2026-06-19 18:05:09] === GENIEACS DEBUG START ===
[2026-06-19 18:05:09] Original device_id from URL: F814FE-F663NV3a-ZICGA57506D8
[2026-06-19 18:05:09] Fully decoded device_id: F814FE-F663NV3a-ZICGA57506D8
[2026-06-19 18:05:09] Device ID variants to try: ["F814FE-F663NV3a-ZICGA57506D8"]
[2026-06-19 18:05:09] Attempt 0A - Filter exact: devices?query=%7B%22_id%22%3A%22F814FE-F663NV3a-ZICGA57506D8%22%7D
[2026-06-19 18:05:09] Attempt 0A - HTTP: 200, Count: 1
[2026-06-19 18:05:09] SUCCESS with filter exact match
[2026-06-19 18:05:09] === GENIEACS DEBUG END ===
[2026-06-19 18:05:09] === GENIEACS DEBUG START ===
[2026-06-19 18:05:09] Original device_id from URL: F814FE-F663NV3a-ZICGA57506D8
[2026-06-19 18:05:09] Fully decoded device_id: F814FE-F663NV3a-ZICGA57506D8
[2026-06-19 18:05:09] Device ID variants to try: ["F814FE-F663NV3a-ZICGA57506D8"]
[2026-06-19 18:05:09] Attempt 0A - Filter exact: devices?query=%7B%22_id%22%3A%22F814FE-F663NV3a-ZICGA57506D8%22%7D
[2026-06-19 18:05:09] Attempt 0A - HTTP: 200, Count: 1
[2026-06-19 18:05:09] SUCCESS with filter exact match
[2026-06-19 18:05:09] === GENIEACS DEBUG END ===
[2026-06-19 18:14:17] === GENIEACS DEBUG START ===
[2026-06-19 18:14:17] Original device_id from URL: F814FE-F663NV3a-ZICGA57506D8
[2026-06-19 18:14:17] Fully decoded device_id: F814FE-F663NV3a-ZICGA57506D8
[2026-06-19 18:14:17] Device ID variants to try: ["F814FE-F663NV3a-ZICGA57506D8"]
[2026-06-19 18:14:17] Attempt 0A - Filter exact: devices?query=%7B%22_id%22%3A%22F814FE-F663NV3a-ZICGA57506D8%22%7D
[2026-06-19 18:14:17] Attempt 0A - HTTP: 200, Count: 1
[2026-06-19 18:14:17] SUCCESS with filter exact match
[2026-06-19 18:14:17] === GENIEACS DEBUG END ===
[2026-06-19 18:20:22] === GENIEACS DEBUG START ===
[2026-06-19 18:20:22] Original device_id from URL: F814FE-F663NV3a-ZICGA57506D8
[2026-06-19 18:20:22] Fully decoded device_id: F814FE-F663NV3a-ZICGA57506D8
[2026-06-19 18:20:22] Device ID variants to try: ["F814FE-F663NV3a-ZICGA57506D8"]
[2026-06-19 18:20:22] Attempt 0A - Filter exact: devices?query=%7B%22_id%22%3A%22F814FE-F663NV3a-ZICGA57506D8%22%7D
[2026-06-19 18:20:22] Attempt 0A - HTTP: 200, Count: 1
[2026-06-19 18:20:22] SUCCESS with filter exact match
[2026-06-19 18:20:22] === GENIEACS DEBUG END ===
[2026-06-19 18:26:00] === GENIEACS DEBUG START ===
[2026-06-19 18:26:00] Original device_id from URL: F814FE-F663NV3a-ZICGA57506D8
[2026-06-19 18:26:00] Fully decoded device_id: F814FE-F663NV3a-ZICGA57506D8
[2026-06-19 18:26:00] Device ID variants to try: ["F814FE-F663NV3a-ZICGA57506D8"]
[2026-06-19 18:26:00] Attempt 0A - Filter exact: devices?query=%7B%22_id%22%3A%22F814FE-F663NV3a-ZICGA57506D8%22%7D
[2026-06-19 18:26:00] Attempt 0A - HTTP: 200, Count: 1
[2026-06-19 18:26:00] SUCCESS with filter exact match
[2026-06-19 18:26:00] === GENIEACS DEBUG END ===
[2026-06-19 18:26:00] === GENIEACS DEBUG START ===
[2026-06-19 18:26:00] Original device_id from URL: F814FE-F663NV3a-ZICGA57506D8
[2026-06-19 18:26:00] Fully decoded device_id: F814FE-F663NV3a-ZICGA57506D8
[2026-06-19 18:26:00] Device ID variants to try: ["F814FE-F663NV3a-ZICGA57506D8"]
[2026-06-19 18:26:00] Attempt 0A - Filter exact: devices?query=%7B%22_id%22%3A%22F814FE-F663NV3a-ZICGA57506D8%22%7D
[2026-06-19 18:26:00] Attempt 0A - HTTP: 200, Count: 1
[2026-06-19 18:26:00] SUCCESS with filter exact match
[2026-06-19 18:26:00] === GENIEACS DEBUG END ===
[2026-06-19 18:26:07] === GENIEACS DEBUG START ===
[2026-06-19 18:26:07] Original device_id from URL: F814FE-F663NV3a-ZICGA57506D8
[2026-06-19 18:26:07] Fully decoded device_id: F814FE-F663NV3a-ZICGA57506D8
[2026-06-19 18:26:07] Device ID variants to try: ["F814FE-F663NV3a-ZICGA57506D8"]
[2026-06-19 18:26:07] Attempt 0A - Filter exact: devices?query=%7B%22_id%22%3A%22F814FE-F663NV3a-ZICGA57506D8%22%7D
[2026-06-19 18:26:07] Attempt 0A - HTTP: 200, Count: 1
[2026-06-19 18:26:07] SUCCESS with filter exact match
[2026-06-19 18:26:07] === GENIEACS DEBUG END ===
[2026-06-19 18:26:07] === GENIEACS DEBUG START ===
[2026-06-19 18:26:07] Original device_id from URL: F814FE-F663NV3a-ZICGA57506D8
[2026-06-19 18:26:07] Fully decoded device_id: F814FE-F663NV3a-ZICGA57506D8
[2026-06-19 18:26:07] Device ID variants to try: ["F814FE-F663NV3a-ZICGA57506D8"]
[2026-06-19 18:26:07] Attempt 0A - Filter exact: devices?query=%7B%22_id%22%3A%22F814FE-F663NV3a-ZICGA57506D8%22%7D
[2026-06-19 18:26:07] Attempt 0A - HTTP: 200, Count: 1
[2026-06-19 18:26:07] SUCCESS with filter exact match
[2026-06-19 18:26:07] === GENIEACS DEBUG END ===
[2026-06-19 18:34:25] === GENIEACS DEBUG START ===
[2026-06-19 18:34:25] Original device_id from URL: F814FE-F663NV3a-ZICGA57506D8
[2026-06-19 18:34:25] Fully decoded device_id: F814FE-F663NV3a-ZICGA57506D8
[2026-06-19 18:34:25] Device ID variants to try: ["F814FE-F663NV3a-ZICGA57506D8"]
[2026-06-19 18:34:25] Attempt 0A - Filter exact: devices?query=%7B%22_id%22%3A%22F814FE-F663NV3a-ZICGA57506D8%22%7D
[2026-06-19 18:34:25] Attempt 0A - HTTP: 200, Count: 1
[2026-06-19 18:34:25] SUCCESS with filter exact match
[2026-06-19 18:34:25] === GENIEACS DEBUG END ===
[2026-06-19 18:43:16] === GENIEACS DEBUG START ===
[2026-06-19 18:43:16] Original device_id from URL: F814FE-F663NV3a-ZICGA57506D8
[2026-06-19 18:43:16] Fully decoded device_id: F814FE-F663NV3a-ZICGA57506D8
[2026-06-19 18:43:16] Device ID variants to try: ["F814FE-F663NV3a-ZICGA57506D8"]
[2026-06-19 18:43:16] Attempt 0A - Filter exact: devices?query=%7B%22_id%22%3A%22F814FE-F663NV3a-ZICGA57506D8%22%7D
[2026-06-19 18:43:16] Attempt 0A - HTTP: 200, Count: 1
[2026-06-19 18:43:16] SUCCESS with filter exact match
[2026-06-19 18:43:16] === GENIEACS DEBUG END ===
[2026-06-19 18:43:16] === GENIEACS DEBUG START ===
[2026-06-19 18:43:16] Original device_id from URL: F814FE-F663NV3a-ZICGA57506D8
[2026-06-19 18:43:16] Fully decoded device_id: F814FE-F663NV3a-ZICGA57506D8
[2026-06-19 18:43:16] Device ID variants to try: ["F814FE-F663NV3a-ZICGA57506D8"]
[2026-06-19 18:43:16] Attempt 0A - Filter exact: devices?query=%7B%22_id%22%3A%22F814FE-F663NV3a-ZICGA57506D8%22%7D
[2026-06-19 18:43:16] Attempt 0A - HTTP: 200, Count: 1
[2026-06-19 18:43:16] SUCCESS with filter exact match
[2026-06-19 18:43:16] === GENIEACS DEBUG END ===
[2026-06-19 18:45:32] === GENIEACS DEBUG START ===
[2026-06-19 18:45:32] Original device_id from URL: F814FE-F663NV3a-ZICGA57506D8
[2026-06-19 18:45:32] Fully decoded device_id: F814FE-F663NV3a-ZICGA57506D8
[2026-06-19 18:45:32] Device ID variants to try: ["F814FE-F663NV3a-ZICGA57506D8"]
[2026-06-19 18:45:32] Attempt 0A - Filter exact: devices?query=%7B%22_id%22%3A%22F814FE-F663NV3a-ZICGA57506D8%22%7D
[2026-06-19 18:45:32] Attempt 0A - HTTP: 200, Count: 1
[2026-06-19 18:45:32] SUCCESS with filter exact match
[2026-06-19 18:45:32] === GENIEACS DEBUG END ===
[2026-06-19 18:45:38] === GENIEACS DEBUG START ===
[2026-06-19 18:45:38] Original device_id from URL: F814FE-F663NV3a-ZICGA57506D8
[2026-06-19 18:45:38] Fully decoded device_id: F814FE-F663NV3a-ZICGA57506D8
[2026-06-19 18:45:38] Device ID variants to try: ["F814FE-F663NV3a-ZICGA57506D8"]
[2026-06-19 18:45:38] Attempt 0A - Filter exact: devices?query=%7B%22_id%22%3A%22F814FE-F663NV3a-ZICGA57506D8%22%7D
[2026-06-19 18:45:38] Attempt 0A - HTTP: 200, Count: 1
[2026-06-19 18:45:38] SUCCESS with filter exact match
[2026-06-19 18:45:38] === GENIEACS DEBUG END ===
[2026-06-19 20:56:26] === GENIEACS DEBUG START ===
[2026-06-19 20:56:26] Original device_id from URL: 00259E-HS8145C-48575443C221449C
[2026-06-19 20:56:26] Fully decoded device_id: 00259E-HS8145C-48575443C221449C
[2026-06-19 20:56:26] Found in DB: 00259E-HS8145C-48575443C221449C
[2026-06-19 20:56:26] Device ID variants to try: ["00259E-HS8145C-48575443C221449C"]
[2026-06-19 20:56:26] Attempt 0A - Filter exact: devices?query=%7B%22_id%22%3A%2200259E-HS8145C-48575443C221449C%22%7D
[2026-06-19 20:56:26] Attempt 0A - HTTP: 200, Count: 1
[2026-06-19 20:56:26] SUCCESS with filter exact match
[2026-06-19 20:56:26] === GENIEACS DEBUG END ===
[2026-06-19 21:13:51] === GENIEACS DEBUG START ===
[2026-06-19 21:13:51] Original device_id from URL: 00259E-HS8145C-48575443C221449C
[2026-06-19 21:13:51] Fully decoded device_id: 00259E-HS8145C-48575443C221449C
[2026-06-19 21:13:51] Found in DB: 00259E-HS8145C-48575443C221449C
[2026-06-19 21:13:51] Device ID variants to try: ["00259E-HS8145C-48575443C221449C"]
[2026-06-19 21:13:51] Attempt 0A - Filter exact: devices?query=%7B%22_id%22%3A%2200259E-HS8145C-48575443C221449C%22%7D
[2026-06-19 21:13:51] Attempt 0A - HTTP: 200, Count: 1
[2026-06-19 21:13:51] SUCCESS with filter exact match
[2026-06-19 21:13:51] === GENIEACS DEBUG END ===
[2026-06-19 21:24:12] === GENIEACS DEBUG START ===
[2026-06-19 21:24:12] Original device_id from URL: 00259E-HS8145C-48575443C221449C
[2026-06-19 21:24:12] Fully decoded device_id: 00259E-HS8145C-48575443C221449C
[2026-06-19 21:24:12] Found in DB: 00259E-HS8145C-48575443C221449C
[2026-06-19 21:24:12] Device ID variants to try: ["00259E-HS8145C-48575443C221449C"]
[2026-06-19 21:24:12] Attempt 0A - Filter exact: devices?query=%7B%22_id%22%3A%2200259E-HS8145C-48575443C221449C%22%7D
[2026-06-19 21:24:12] Attempt 0A - HTTP: 200, Count: 1
[2026-06-19 21:24:12] SUCCESS with filter exact match
[2026-06-19 21:24:12] === GENIEACS DEBUG END ===
[2026-06-19 21:39:28] === GENIEACS DEBUG START ===
[2026-06-19 21:39:28] Original device_id from URL: 00259E-HS8145C-48575443C221449C
[2026-06-19 21:39:28] Fully decoded device_id: 00259E-HS8145C-48575443C221449C
[2026-06-19 21:39:28] Found in DB: 00259E-HS8145C-48575443C221449C
[2026-06-19 21:39:28] Device ID variants to try: ["00259E-HS8145C-48575443C221449C"]
[2026-06-19 21:39:28] Attempt 0A - Filter exact: devices?query=%7B%22_id%22%3A%2200259E-HS8145C-48575443C221449C%22%7D
[2026-06-19 21:39:28] Attempt 0A - HTTP: 200, Count: 1
[2026-06-19 21:39:28] SUCCESS with filter exact match
[2026-06-19 21:39:28] === GENIEACS DEBUG END ===
[2026-06-19 21:40:02] === GENIEACS DEBUG START ===
[2026-06-19 21:40:02] Original device_id from URL: F814FE-F663NV3a-ZICGA57506D8
[2026-06-19 21:40:02] Fully decoded device_id: F814FE-F663NV3a-ZICGA57506D8
[2026-06-19 21:40:02] Device ID variants to try: ["F814FE-F663NV3a-ZICGA57506D8"]
[2026-06-19 21:40:02] Attempt 0A - Filter exact: devices?query=%7B%22_id%22%3A%22F814FE-F663NV3a-ZICGA57506D8%22%7D
[2026-06-19 21:40:02] Attempt 0A - HTTP: 200, Count: 1
[2026-06-19 21:40:02] SUCCESS with filter exact match
[2026-06-19 21:40:02] === GENIEACS DEBUG END ===
[2026-06-19 22:05:36] === GENIEACS DEBUG START ===
[2026-06-19 22:05:36] Original device_id from URL: F814FE-F663NV3a-ZICGA57506D8
[2026-06-19 22:05:36] Fully decoded device_id: F814FE-F663NV3a-ZICGA57506D8
[2026-06-19 22:05:36] Device ID variants to try: ["F814FE-F663NV3a-ZICGA57506D8"]
[2026-06-19 22:05:36] Attempt 0A - Filter exact: devices?query=%7B%22_id%22%3A%22F814FE-F663NV3a-ZICGA57506D8%22%7D
[2026-06-19 22:05:36] Attempt 0A - HTTP: 200, Count: 1
[2026-06-19 22:05:36] SUCCESS with filter exact match
[2026-06-19 22:05:36] === GENIEACS DEBUG END ===
[2026-06-19 22:24:42] === GENIEACS DEBUG START ===
[2026-06-19 22:24:42] Original device_id from URL: 00259E-HS8145C-48575443C221449C
[2026-06-19 22:24:42] Fully decoded device_id: 00259E-HS8145C-48575443C221449C
[2026-06-19 22:24:42] Found in DB: 00259E-HS8145C-48575443C221449C
[2026-06-19 22:24:42] Device ID variants to try: ["00259E-HS8145C-48575443C221449C"]
[2026-06-19 22:24:42] Attempt 0A - Filter exact: devices?query=%7B%22_id%22%3A%2200259E-HS8145C-48575443C221449C%22%7D
[2026-06-19 22:24:42] Attempt 0A - HTTP: 200, Count: 1
[2026-06-19 22:24:42] SUCCESS with filter exact match
[2026-06-19 22:24:42] === GENIEACS DEBUG END ===
[2026-06-19 22:25:11] === GENIEACS DEBUG START ===
[2026-06-19 22:25:11] Original device_id from URL: 00259E-HS8145C-48575443C221449C
[2026-06-19 22:25:11] Fully decoded device_id: 00259E-HS8145C-48575443C221449C
[2026-06-19 22:25:11] Found in DB: 00259E-HS8145C-48575443C221449C
[2026-06-19 22:25:11] Device ID variants to try: ["00259E-HS8145C-48575443C221449C"]
[2026-06-19 22:25:11] Attempt 0A - Filter exact: devices?query=%7B%22_id%22%3A%2200259E-HS8145C-48575443C221449C%22%7D
[2026-06-19 22:25:11] Attempt 0A - HTTP: 200, Count: 1
[2026-06-19 22:25:11] SUCCESS with filter exact match
[2026-06-19 22:25:11] === GENIEACS DEBUG END ===
[2026-06-19 22:25:33] === GENIEACS DEBUG START ===
[2026-06-19 22:25:33] Original device_id from URL: 00259E-HS8145C-48575443C221449C
[2026-06-19 22:25:33] Fully decoded device_id: 00259E-HS8145C-48575443C221449C
[2026-06-19 22:25:33] Found in DB: 00259E-HS8145C-48575443C221449C
[2026-06-19 22:25:33] Device ID variants to try: ["00259E-HS8145C-48575443C221449C"]
[2026-06-19 22:25:33] Attempt 0A - Filter exact: devices?query=%7B%22_id%22%3A%2200259E-HS8145C-48575443C221449C%22%7D
[2026-06-19 22:25:33] Attempt 0A - HTTP: 200, Count: 1
[2026-06-19 22:25:33] SUCCESS with filter exact match
[2026-06-19 22:25:33] === GENIEACS DEBUG END ===
[2026-06-19 22:32:02] === GENIEACS DEBUG START ===
[2026-06-19 22:32:02] Original device_id from URL: 00259E-HS8145C-48575443C221449C
[2026-06-19 22:32:02] Fully decoded device_id: 00259E-HS8145C-48575443C221449C
[2026-06-19 22:32:02] Found in DB: 00259E-HS8145C-48575443C221449C
[2026-06-19 22:32:02] Device ID variants to try: ["00259E-HS8145C-48575443C221449C"]
[2026-06-19 22:32:02] Attempt 0A - Filter exact: devices?query=%7B%22_id%22%3A%2200259E-HS8145C-48575443C221449C%22%7D
[2026-06-19 22:32:02] Attempt 0A - HTTP: 200, Count: 1
[2026-06-19 22:32:02] SUCCESS with filter exact match
[2026-06-19 22:32:02] === GENIEACS DEBUG END ===
[2026-06-19 22:47:35] === GENIEACS DEBUG START ===
[2026-06-19 22:47:35] Original device_id from URL: 00259E-HS8145C-48575443C221449C
[2026-06-19 22:47:35] Fully decoded device_id: 00259E-HS8145C-48575443C221449C
[2026-06-19 22:47:35] Found in DB: 00259E-HS8145C-48575443C221449C
[2026-06-19 22:47:35] Device ID variants to try: ["00259E-HS8145C-48575443C221449C"]
[2026-06-19 22:47:35] Attempt 0A - Filter exact: devices?query=%7B%22_id%22%3A%2200259E-HS8145C-48575443C221449C%22%7D
[2026-06-19 22:47:36] Attempt 0A - HTTP: 200, Count: 1
[2026-06-19 22:47:36] SUCCESS with filter exact match
[2026-06-19 22:47:36] === GENIEACS DEBUG END ===
[2026-06-19 22:47:40] === GENIEACS DEBUG START ===
[2026-06-19 22:47:40] Original device_id from URL: 00259E-HS8145C-48575443C221449C
[2026-06-19 22:47:40] Fully decoded device_id: 00259E-HS8145C-48575443C221449C
[2026-06-19 22:47:40] Found in DB: 00259E-HS8145C-48575443C221449C
[2026-06-19 22:47:40] Device ID variants to try: ["00259E-HS8145C-48575443C221449C"]
[2026-06-19 22:47:40] Attempt 0A - Filter exact: devices?query=%7B%22_id%22%3A%2200259E-HS8145C-48575443C221449C%22%7D
[2026-06-19 22:47:40] Attempt 0A - HTTP: 200, Count: 1
[2026-06-19 22:47:40] SUCCESS with filter exact match
[2026-06-19 22:47:40] === GENIEACS DEBUG END ===
[2026-06-19 22:48:07] === GENIEACS DEBUG START ===
[2026-06-19 22:48:07] Original device_id from URL: 00259E-HS8145C-48575443C221449C
[2026-06-19 22:48:07] Fully decoded device_id: 00259E-HS8145C-48575443C221449C
[2026-06-19 22:48:07] Found in DB: 00259E-HS8145C-48575443C221449C
[2026-06-19 22:48:07] Device ID variants to try: ["00259E-HS8145C-48575443C221449C"]
[2026-06-19 22:48:07] Attempt 0A - Filter exact: devices?query=%7B%22_id%22%3A%2200259E-HS8145C-48575443C221449C%22%7D
[2026-06-19 22:48:07] Attempt 0A - HTTP: 200, Count: 1
[2026-06-19 22:48:07] SUCCESS with filter exact match
[2026-06-19 22:48:07] === GENIEACS DEBUG END ===
[2026-06-19 23:51:23] === GENIEACS DEBUG START ===
[2026-06-19 23:51:23] Original device_id from URL: F814FE-F663NV3a-ZICGA57506D8
[2026-06-19 23:51:23] Fully decoded device_id: F814FE-F663NV3a-ZICGA57506D8
[2026-06-19 23:51:23] Device ID variants to try: ["F814FE-F663NV3a-ZICGA57506D8"]
[2026-06-19 23:51:23] Attempt 0A - Filter exact: devices?query=%7B%22_id%22%3A%22F814FE-F663NV3a-ZICGA57506D8%22%7D
[2026-06-19 23:51:23] Attempt 0A - HTTP: 200, Count: 1
[2026-06-19 23:51:23] SUCCESS with filter exact match
[2026-06-19 23:51:23] === GENIEACS DEBUG END ===
[2026-06-19 23:55:02] === GENIEACS DEBUG START ===
[2026-06-19 23:55:02] Original device_id from URL: 00259E-HS8145C-48575443C221449C
[2026-06-19 23:55:02] Fully decoded device_id: 00259E-HS8145C-48575443C221449C
[2026-06-19 23:55:02] Found in DB: 00259E-HS8145C-48575443C221449C
[2026-06-19 23:55:02] Device ID variants to try: ["00259E-HS8145C-48575443C221449C"]
[2026-06-19 23:55:02] Attempt 0A - Filter exact: devices?query=%7B%22_id%22%3A%2200259E-HS8145C-48575443C221449C%22%7D
[2026-06-19 23:55:02] Attempt 0A - HTTP: 200, Count: 1
[2026-06-19 23:55:02] SUCCESS with filter exact match
[2026-06-19 23:55:02] === GENIEACS DEBUG END ===
[2026-06-20 00:33:52] === GENIEACS DEBUG START ===
[2026-06-20 00:33:52] Original device_id from URL: 00259E-HS8145C-48575443C221449C
[2026-06-20 00:33:52] Fully decoded device_id: 00259E-HS8145C-48575443C221449C
[2026-06-20 00:33:52] Found in DB: 00259E-HS8145C-48575443C221449C
[2026-06-20 00:33:52] Device ID variants to try: ["00259E-HS8145C-48575443C221449C"]
[2026-06-20 00:33:52] Attempt 0A - Filter exact: devices?query=%7B%22_id%22%3A%2200259E-HS8145C-48575443C221449C%22%7D
[2026-06-20 00:33:52] Attempt 0A - HTTP: 200, Count: 1
[2026-06-20 00:33:52] SUCCESS with filter exact match
[2026-06-20 00:33:52] === GENIEACS DEBUG END ===
[2026-06-20 00:34:03] === GENIEACS DEBUG START ===
[2026-06-20 00:34:03] Original device_id from URL: F814FE-F663NV3a-ZICGA57506D8
[2026-06-20 00:34:03] Fully decoded device_id: F814FE-F663NV3a-ZICGA57506D8
[2026-06-20 00:34:03] Device ID variants to try: ["F814FE-F663NV3a-ZICGA57506D8"]
[2026-06-20 00:34:03] Attempt 0A - Filter exact: devices?query=%7B%22_id%22%3A%22F814FE-F663NV3a-ZICGA57506D8%22%7D
[2026-06-20 00:34:03] Attempt 0A - HTTP: 200, Count: 1
[2026-06-20 00:34:03] SUCCESS with filter exact match
[2026-06-20 00:34:03] === GENIEACS DEBUG END ===
[2026-06-20 00:35:23] === GENIEACS DEBUG START ===
[2026-06-20 00:35:23] Original device_id from URL: F814FE-F663NV3a-ZICGA57506D8
[2026-06-20 00:35:23] Fully decoded device_id: F814FE-F663NV3a-ZICGA57506D8
[2026-06-20 00:35:23] Device ID variants to try: ["F814FE-F663NV3a-ZICGA57506D8"]
[2026-06-20 00:35:23] Attempt 0A - Filter exact: devices?query=%7B%22_id%22%3A%22F814FE-F663NV3a-ZICGA57506D8%22%7D
[2026-06-20 00:35:23] Attempt 0A - HTTP: 200, Count: 1
[2026-06-20 00:35:23] SUCCESS with filter exact match
[2026-06-20 00:35:23] === GENIEACS DEBUG END ===
[2026-06-20 00:35:41] === GENIEACS DEBUG START ===
[2026-06-20 00:35:41] Original device_id from URL: F814FE-F663NV3a-ZICGA57506D8
[2026-06-20 00:35:41] Fully decoded device_id: F814FE-F663NV3a-ZICGA57506D8
[2026-06-20 00:35:41] Device ID variants to try: ["F814FE-F663NV3a-ZICGA57506D8"]
[2026-06-20 00:35:41] Attempt 0A - Filter exact: devices?query=%7B%22_id%22%3A%22F814FE-F663NV3a-ZICGA57506D8%22%7D
[2026-06-20 00:35:41] Attempt 0A - HTTP: 200, Count: 1
[2026-06-20 00:35:41] SUCCESS with filter exact match
[2026-06-20 00:35:41] === GENIEACS DEBUG END ===
[2026-06-20 00:35:41] === GENIEACS DEBUG START ===
[2026-06-20 00:35:41] Original device_id from URL: F814FE-F663NV3a-ZICGA57506D8
[2026-06-20 00:35:41] Fully decoded device_id: F814FE-F663NV3a-ZICGA57506D8
[2026-06-20 00:35:41] Device ID variants to try: ["F814FE-F663NV3a-ZICGA57506D8"]
[2026-06-20 00:35:41] Attempt 0A - Filter exact: devices?query=%7B%22_id%22%3A%22F814FE-F663NV3a-ZICGA57506D8%22%7D
[2026-06-20 00:35:41] Attempt 0A - HTTP: 200, Count: 1
[2026-06-20 00:35:41] SUCCESS with filter exact match
[2026-06-20 00:35:41] === GENIEACS DEBUG END ===
[2026-06-20 01:24:44] === GENIEACS DEBUG START ===
[2026-06-20 01:24:44] Original device_id from URL: F814FE-F663NV3a-ZICGA57506D8
[2026-06-20 01:24:44] Fully decoded device_id: F814FE-F663NV3a-ZICGA57506D8
[2026-06-20 01:24:44] Device ID variants to try: ["F814FE-F663NV3a-ZICGA57506D8"]
[2026-06-20 01:24:44] Attempt 0A - Filter exact: devices?query=%7B%22_id%22%3A%22F814FE-F663NV3a-ZICGA57506D8%22%7D
[2026-06-20 01:24:44] Attempt 0A - HTTP: 200, Count: 1
[2026-06-20 01:24:44] SUCCESS with filter exact match
[2026-06-20 01:24:44] === GENIEACS DEBUG END ===
[2026-06-20 01:24:45] === GENIEACS DEBUG START ===
[2026-06-20 01:24:45] Original device_id from URL: F814FE-F663NV3a-ZICGA57506D8
[2026-06-20 01:24:45] Fully decoded device_id: F814FE-F663NV3a-ZICGA57506D8
[2026-06-20 01:24:45] Device ID variants to try: ["F814FE-F663NV3a-ZICGA57506D8"]
[2026-06-20 01:24:45] Attempt 0A - Filter exact: devices?query=%7B%22_id%22%3A%22F814FE-F663NV3a-ZICGA57506D8%22%7D
[2026-06-20 01:24:45] Attempt 0A - HTTP: 200, Count: 1
[2026-06-20 01:24:45] SUCCESS with filter exact match
[2026-06-20 01:24:45] === GENIEACS DEBUG END ===
[2026-06-20 01:25:04] === GENIEACS DEBUG START ===
[2026-06-20 01:25:04] Original device_id from URL: F814FE-F663NV3a-ZICGA57506D8
[2026-06-20 01:25:04] Fully decoded device_id: F814FE-F663NV3a-ZICGA57506D8
[2026-06-20 01:25:04] Device ID variants to try: ["F814FE-F663NV3a-ZICGA57506D8"]
[2026-06-20 01:25:04] Attempt 0A - Filter exact: devices?query=%7B%22_id%22%3A%22F814FE-F663NV3a-ZICGA57506D8%22%7D
[2026-06-20 01:25:04] Attempt 0A - HTTP: 200, Count: 1
[2026-06-20 01:25:04] SUCCESS with filter exact match
[2026-06-20 01:25:04] === GENIEACS DEBUG END ===
[2026-06-20 01:27:48] === GENIEACS DEBUG START ===
[2026-06-20 01:27:48] Original device_id from URL: F814FE-F663NV3a-ZICGA57506D8
[2026-06-20 01:27:48] Fully decoded device_id: F814FE-F663NV3a-ZICGA57506D8
[2026-06-20 01:27:48] Device ID variants to try: ["F814FE-F663NV3a-ZICGA57506D8"]
[2026-06-20 01:27:48] Attempt 0A - Filter exact: devices?query=%7B%22_id%22%3A%22F814FE-F663NV3a-ZICGA57506D8%22%7D
[2026-06-20 01:27:48] Attempt 0A - HTTP: 200, Count: 1
[2026-06-20 01:27:48] SUCCESS with filter exact match
[2026-06-20 01:27:48] === GENIEACS DEBUG END ===
[2026-06-20 01:44:04] === GENIEACS DEBUG START ===
[2026-06-20 01:44:04] Original device_id from URL: F814FE-F663NV3a-ZICGA57506D8
[2026-06-20 01:44:04] Fully decoded device_id: F814FE-F663NV3a-ZICGA57506D8
[2026-06-20 01:44:04] Device ID variants to try: ["F814FE-F663NV3a-ZICGA57506D8"]
[2026-06-20 01:44:04] Attempt 0A - Filter exact: devices?query=%7B%22_id%22%3A%22F814FE-F663NV3a-ZICGA57506D8%22%7D
[2026-06-20 01:44:04] Attempt 0A - HTTP: 200, Count: 1
[2026-06-20 01:44:04] SUCCESS with filter exact match
[2026-06-20 01:44:04] === GENIEACS DEBUG END ===
[2026-06-20 01:44:04] === GENIEACS DEBUG START ===
[2026-06-20 01:44:04] Original device_id from URL: F814FE-F663NV3a-ZICGA57506D8
[2026-06-20 01:44:04] Fully decoded device_id: F814FE-F663NV3a-ZICGA57506D8
[2026-06-20 01:44:04] Device ID variants to try: ["F814FE-F663NV3a-ZICGA57506D8"]
[2026-06-20 01:44:04] Attempt 0A - Filter exact: devices?query=%7B%22_id%22%3A%22F814FE-F663NV3a-ZICGA57506D8%22%7D
[2026-06-20 01:44:04] Attempt 0A - HTTP: 200, Count: 1
[2026-06-20 01:44:04] SUCCESS with filter exact match
[2026-06-20 01:44:04] === GENIEACS DEBUG END ===
[2026-06-20 01:45:21] === GENIEACS DEBUG START ===
[2026-06-20 01:45:21] Original device_id from URL: F814FE-F663NV3a-ZICGA57506D8
[2026-06-20 01:45:21] Fully decoded device_id: F814FE-F663NV3a-ZICGA57506D8
[2026-06-20 01:45:21] Device ID variants to try: ["F814FE-F663NV3a-ZICGA57506D8"]
[2026-06-20 01:45:21] Attempt 0A - Filter exact: devices?query=%7B%22_id%22%3A%22F814FE-F663NV3a-ZICGA57506D8%22%7D
[2026-06-20 01:45:21] Attempt 0A - HTTP: 200, Count: 1
[2026-06-20 01:45:21] SUCCESS with filter exact match
[2026-06-20 01:45:21] === GENIEACS DEBUG END ===
[2026-06-20 01:45:21] === GENIEACS DEBUG START ===
[2026-06-20 01:45:21] Original device_id from URL: F814FE-F663NV3a-ZICGA57506D8
[2026-06-20 01:45:21] Fully decoded device_id: F814FE-F663NV3a-ZICGA57506D8
[2026-06-20 01:45:21] Device ID variants to try: ["F814FE-F663NV3a-ZICGA57506D8"]
[2026-06-20 01:45:21] Attempt 0A - Filter exact: devices?query=%7B%22_id%22%3A%22F814FE-F663NV3a-ZICGA57506D8%22%7D
[2026-06-20 01:45:21] Attempt 0A - HTTP: 200, Count: 1
[2026-06-20 01:45:21] SUCCESS with filter exact match
[2026-06-20 01:45:21] === GENIEACS DEBUG END ===
[2026-06-20 02:37:12] === GENIEACS DEBUG START ===
[2026-06-20 02:37:12] Original device_id from URL: F814FE-F663NV3a-ZICGA57506D8
[2026-06-20 02:37:12] Fully decoded device_id: F814FE-F663NV3a-ZICGA57506D8
[2026-06-20 02:37:12] Device ID variants to try: ["F814FE-F663NV3a-ZICGA57506D8"]
[2026-06-20 02:37:12] Attempt 0A - Filter exact: devices?query=%7B%22_id%22%3A%22F814FE-F663NV3a-ZICGA57506D8%22%7D
[2026-06-20 02:37:13] Attempt 0A - HTTP: 200, Count: 1
[2026-06-20 02:37:13] SUCCESS with filter exact match
[2026-06-20 02:37:13] === GENIEACS DEBUG END ===
[2026-06-20 04:34:14] === GENIEACS DEBUG START ===
[2026-06-20 04:34:14] Original device_id from URL: 00259E-HS8145C-48575443C221449C
[2026-06-20 04:34:14] Fully decoded device_id: 00259E-HS8145C-48575443C221449C
[2026-06-20 04:34:14] Found in DB: 00259E-HS8145C-48575443C221449C
[2026-06-20 04:34:14] Device ID variants to try: ["00259E-HS8145C-48575443C221449C"]
[2026-06-20 04:34:14] Attempt 0A - Filter exact: devices?query=%7B%22_id%22%3A%2200259E-HS8145C-48575443C221449C%22%7D
[2026-06-20 04:34:14] Attempt 0A - HTTP: 200, Count: 1
[2026-06-20 04:34:14] SUCCESS with filter exact match
[2026-06-20 04:34:14] === GENIEACS DEBUG END ===
[2026-06-20 12:10:01] === GENIEACS DEBUG START ===
[2026-06-20 12:10:01] Original device_id from URL: F814FE-F663NV3a-ZICGA57506D8
[2026-06-20 12:10:01] Fully decoded device_id: F814FE-F663NV3a-ZICGA57506D8
[2026-06-20 12:10:01] Device ID variants to try: ["F814FE-F663NV3a-ZICGA57506D8"]
[2026-06-20 12:10:01] Attempt 0A - Filter exact: devices?query=%7B%22_id%22%3A%22F814FE-F663NV3a-ZICGA57506D8%22%7D
[2026-06-20 12:10:01] Attempt 0A - HTTP: 200, Count: 1
[2026-06-20 12:10:01] SUCCESS with filter exact match
[2026-06-20 12:10:01] === GENIEACS DEBUG END ===
[2026-06-20 12:51:24] === GENIEACS DEBUG START ===
[2026-06-20 12:51:24] Original device_id from URL: F814FE-F663NV3a-ZICGA57506D8
[2026-06-20 12:51:24] Fully decoded device_id: F814FE-F663NV3a-ZICGA57506D8
[2026-06-20 12:51:24] Device ID variants to try: ["F814FE-F663NV3a-ZICGA57506D8"]
[2026-06-20 12:51:24] Attempt 0A - Filter exact: devices?query=%7B%22_id%22%3A%22F814FE-F663NV3a-ZICGA57506D8%22%7D
[2026-06-20 12:51:24] Attempt 0A - HTTP: 200, Count: 1
[2026-06-20 12:51:24] SUCCESS with filter exact match
[2026-06-20 12:51:24] === GENIEACS DEBUG END ===
[2026-06-20 13:10:19] === GENIEACS DEBUG START ===
[2026-06-20 13:10:19] Original device_id from URL: F814FE-F663NV3a-ZICGA57506D8
[2026-06-20 13:10:19] Fully decoded device_id: F814FE-F663NV3a-ZICGA57506D8
[2026-06-20 13:10:19] Device ID variants to try: ["F814FE-F663NV3a-ZICGA57506D8"]
[2026-06-20 13:10:19] Attempt 0A - Filter exact: devices?query=%7B%22_id%22%3A%22F814FE-F663NV3a-ZICGA57506D8%22%7D
[2026-06-20 13:10:19] Attempt 0A - HTTP: 200, Count: 1
[2026-06-20 13:10:19] SUCCESS with filter exact match
[2026-06-20 13:10:19] === GENIEACS DEBUG END ===
[2026-06-20 13:10:19] === GENIEACS DEBUG START ===
[2026-06-20 13:10:19] Original device_id from URL: F814FE-F663NV3a-ZICGA57506D8
[2026-06-20 13:10:19] Fully decoded device_id: F814FE-F663NV3a-ZICGA57506D8
[2026-06-20 13:10:19] Device ID variants to try: ["F814FE-F663NV3a-ZICGA57506D8"]
[2026-06-20 13:10:19] Attempt 0A - Filter exact: devices?query=%7B%22_id%22%3A%22F814FE-F663NV3a-ZICGA57506D8%22%7D
[2026-06-20 13:10:19] Attempt 0A - HTTP: 200, Count: 1
[2026-06-20 13:10:19] SUCCESS with filter exact match
[2026-06-20 13:10:19] === GENIEACS DEBUG END ===
[2026-06-21 04:44:12] === GENIEACS DEBUG START ===
[2026-06-21 04:44:12] Original device_id from URL: F814FE-F663NV3a-ZICGA57506D8
[2026-06-21 04:44:12] Fully decoded device_id: F814FE-F663NV3a-ZICGA57506D8
[2026-06-21 04:44:12] Device ID variants to try: ["F814FE-F663NV3a-ZICGA57506D8"]
[2026-06-21 04:44:12] Attempt 0A - Filter exact: devices?query=%7B%22_id%22%3A%22F814FE-F663NV3a-ZICGA57506D8%22%7D
[2026-06-21 04:44:12] Attempt 0A - HTTP: 200, Count: 1
[2026-06-21 04:44:12] SUCCESS with filter exact match
[2026-06-21 04:44:12] === GENIEACS DEBUG END ===
[2026-06-21 04:44:22] === GENIEACS DEBUG START ===
[2026-06-21 04:44:22] Original device_id from URL: 00259E-HS8145C-48575443C221449C
[2026-06-21 04:44:22] Fully decoded device_id: 00259E-HS8145C-48575443C221449C
[2026-06-21 04:44:22] Found in DB: 00259E-HS8145C-48575443C221449C
[2026-06-21 04:44:22] Device ID variants to try: ["00259E-HS8145C-48575443C221449C"]
[2026-06-21 04:44:22] Attempt 0A - Filter exact: devices?query=%7B%22_id%22%3A%2200259E-HS8145C-48575443C221449C%22%7D
[2026-06-21 04:44:22] Attempt 0A - HTTP: 200, Count: 1
[2026-06-21 04:44:22] SUCCESS with filter exact match
[2026-06-21 04:44:22] === GENIEACS DEBUG END ===
[2026-06-21 06:00:48] === GENIEACS DEBUG START ===
[2026-06-21 06:00:48] Original device_id from URL: F814FE-F663NV3a-ZICGA57506D8
[2026-06-21 06:00:48] Fully decoded device_id: F814FE-F663NV3a-ZICGA57506D8
[2026-06-21 06:00:48] Device ID variants to try: ["F814FE-F663NV3a-ZICGA57506D8"]
[2026-06-21 06:00:48] Attempt 0A - Filter exact: devices?query=%7B%22_id%22%3A%22F814FE-F663NV3a-ZICGA57506D8%22%7D
[2026-06-21 06:00:48] Attempt 0A - HTTP: 200, Count: 1
[2026-06-21 06:00:48] SUCCESS with filter exact match
[2026-06-21 06:00:48] === GENIEACS DEBUG END ===
[2026-06-21 06:01:12] === GENIEACS DEBUG START ===
[2026-06-21 06:01:12] Original device_id from URL: 00259E-HS8145C-48575443C221449C
[2026-06-21 06:01:12] Fully decoded device_id: 00259E-HS8145C-48575443C221449C
[2026-06-21 06:01:12] Found in DB: 00259E-HS8145C-48575443C221449C
[2026-06-21 06:01:12] Device ID variants to try: ["00259E-HS8145C-48575443C221449C"]
[2026-06-21 06:01:12] Attempt 0A - Filter exact: devices?query=%7B%22_id%22%3A%2200259E-HS8145C-48575443C221449C%22%7D
[2026-06-21 06:01:12] Attempt 0A - HTTP: 200, Count: 1
[2026-06-21 06:01:12] SUCCESS with filter exact match
[2026-06-21 06:01:12] === GENIEACS DEBUG END ===
[2026-06-21 06:55:50] === GENIEACS DEBUG START ===
[2026-06-21 06:55:50] Original device_id from URL: F814FE-F663NV3a-ZICGA57506D8
[2026-06-21 06:55:50] Fully decoded device_id: F814FE-F663NV3a-ZICGA57506D8
[2026-06-21 06:55:50] Device ID variants to try: ["F814FE-F663NV3a-ZICGA57506D8"]
[2026-06-21 06:55:50] Attempt 0A - Filter exact: devices?query=%7B%22_id%22%3A%22F814FE-F663NV3a-ZICGA57506D8%22%7D
[2026-06-21 06:55:50] Attempt 0A - HTTP: 200, Count: 1
[2026-06-21 06:55:50] SUCCESS with filter exact match
[2026-06-21 06:55:50] === GENIEACS DEBUG END ===
[2026-06-21 07:01:21] === GENIEACS DEBUG START ===
[2026-06-21 07:01:21] Original device_id from URL: F814FE-F663NV3a-ZICGA57506D8
[2026-06-21 07:01:21] Fully decoded device_id: F814FE-F663NV3a-ZICGA57506D8
[2026-06-21 07:01:21] Device ID variants to try: ["F814FE-F663NV3a-ZICGA57506D8"]
[2026-06-21 07:01:21] Attempt 0A - Filter exact: devices?query=%7B%22_id%22%3A%22F814FE-F663NV3a-ZICGA57506D8%22%7D
[2026-06-21 07:01:21] Attempt 0A - HTTP: 200, Count: 1
[2026-06-21 07:01:21] SUCCESS with filter exact match
[2026-06-21 07:01:21] === GENIEACS DEBUG END ===
[2026-06-21 07:03:54] === GENIEACS DEBUG START ===
[2026-06-21 07:03:54] Original device_id from URL: F814FE-F663NV3a-ZICGA57506D8
[2026-06-21 07:03:54] Fully decoded device_id: F814FE-F663NV3a-ZICGA57506D8
[2026-06-21 07:03:54] Device ID variants to try: ["F814FE-F663NV3a-ZICGA57506D8"]
[2026-06-21 07:03:54] Attempt 0A - Filter exact: devices?query=%7B%22_id%22%3A%22F814FE-F663NV3a-ZICGA57506D8%22%7D
[2026-06-21 07:03:54] Attempt 0A - HTTP: 200, Count: 1
[2026-06-21 07:03:54] SUCCESS with filter exact match
[2026-06-21 07:03:54] === GENIEACS DEBUG END ===
[2026-06-21 07:03:59] === GENIEACS DEBUG START ===
[2026-06-21 07:03:59] Original device_id from URL: 00259E-HS8145C-48575443C221449C
[2026-06-21 07:03:59] Fully decoded device_id: 00259E-HS8145C-48575443C221449C
[2026-06-21 07:03:59] Found in DB: 00259E-HS8145C-48575443C221449C
[2026-06-21 07:03:59] Device ID variants to try: ["00259E-HS8145C-48575443C221449C"]
[2026-06-21 07:03:59] Attempt 0A - Filter exact: devices?query=%7B%22_id%22%3A%2200259E-HS8145C-48575443C221449C%22%7D
[2026-06-21 07:03:59] Attempt 0A - HTTP: 200, Count: 1
[2026-06-21 07:03:59] SUCCESS with filter exact match
[2026-06-21 07:03:59] === GENIEACS DEBUG END ===
[2026-06-21 13:09:50] === GENIEACS DEBUG START ===
[2026-06-21 13:09:50] Original device_id from URL: 00259E-HS8145C-48575443C221449C
[2026-06-21 13:09:50] Fully decoded device_id: 00259E-HS8145C-48575443C221449C
[2026-06-21 13:09:50] Found in DB: 00259E-HS8145C-48575443C221449C
[2026-06-21 13:09:50] Device ID variants to try: ["00259E-HS8145C-48575443C221449C"]
[2026-06-21 13:09:50] Attempt 0A - Filter exact: devices?query=%7B%22_id%22%3A%2200259E-HS8145C-48575443C221449C%22%7D
[2026-06-21 13:09:50] Attempt 0A - HTTP: 200, Count: 1
[2026-06-21 13:09:50] SUCCESS with filter exact match
[2026-06-21 13:09:50] === GENIEACS DEBUG END ===
[2026-06-21 13:09:55] === GENIEACS DEBUG START ===
[2026-06-21 13:09:55] Original device_id from URL: F814FE-F663NV3a-ZICGA57506D8
[2026-06-21 13:09:55] Fully decoded device_id: F814FE-F663NV3a-ZICGA57506D8
[2026-06-21 13:09:55] Found in DB: F814FE-F663NV3a-ZICGA57506D8
[2026-06-21 13:09:55] Device ID variants to try: ["F814FE-F663NV3a-ZICGA57506D8"]
[2026-06-21 13:09:55] Attempt 0A - Filter exact: devices?query=%7B%22_id%22%3A%22F814FE-F663NV3a-ZICGA57506D8%22%7D
[2026-06-21 13:09:55] Attempt 0A - HTTP: 200, Count: 1
[2026-06-21 13:09:55] SUCCESS with filter exact match
[2026-06-21 13:09:55] === GENIEACS DEBUG END ===
[2026-06-21 13:10:21] === GENIEACS DEBUG START ===
[2026-06-21 13:10:21] Original device_id from URL: F814FE-F663NV3a-ZICGA57506D8
[2026-06-21 13:10:21] Fully decoded device_id: F814FE-F663NV3a-ZICGA57506D8
[2026-06-21 13:10:21] Found in DB: F814FE-F663NV3a-ZICGA57506D8
[2026-06-21 13:10:21] Device ID variants to try: ["F814FE-F663NV3a-ZICGA57506D8"]
[2026-06-21 13:10:21] Attempt 0A - Filter exact: devices?query=%7B%22_id%22%3A%22F814FE-F663NV3a-ZICGA57506D8%22%7D
[2026-06-21 13:10:21] Attempt 0A - HTTP: 200, Count: 1
[2026-06-21 13:10:21] SUCCESS with filter exact match
[2026-06-21 13:10:21] === GENIEACS DEBUG END ===
[2026-06-21 13:11:15] === GENIEACS DEBUG START ===
[2026-06-21 13:11:15] Original device_id from URL: F814FE-F663NV3a-ZICGA57506D8
[2026-06-21 13:11:15] Fully decoded device_id: F814FE-F663NV3a-ZICGA57506D8
[2026-06-21 13:11:15] Found in DB: F814FE-F663NV3a-ZICGA57506D8
[2026-06-21 13:11:15] Device ID variants to try: ["F814FE-F663NV3a-ZICGA57506D8"]
[2026-06-21 13:11:15] Attempt 0A - Filter exact: devices?query=%7B%22_id%22%3A%22F814FE-F663NV3a-ZICGA57506D8%22%7D
[2026-06-21 13:11:15] Attempt 0A - HTTP: 200, Count: 1
[2026-06-21 13:11:15] SUCCESS with filter exact match
[2026-06-21 13:11:15] === GENIEACS DEBUG END ===
[2026-06-21 14:08:15] === GENIEACS DEBUG START ===
[2026-06-21 14:08:15] Original device_id from URL: 00259E-HS8145C-48575443C221449C
[2026-06-21 14:08:15] Fully decoded device_id: 00259E-HS8145C-48575443C221449C
[2026-06-21 14:08:15] Found in DB: 00259E-HS8145C-48575443C221449C
[2026-06-21 14:08:15] Device ID variants to try: ["00259E-HS8145C-48575443C221449C"]
[2026-06-21 14:08:15] Attempt 0A - Filter exact: devices?query=%7B%22_id%22%3A%2200259E-HS8145C-48575443C221449C%22%7D
[2026-06-21 14:08:15] Attempt 0A - HTTP: 200, Count: 1
[2026-06-21 14:08:15] SUCCESS with filter exact match
[2026-06-21 14:08:15] === GENIEACS DEBUG END ===
[2026-06-21 15:03:40] === GENIEACS DEBUG START ===
[2026-06-21 15:03:40] Original device_id from URL: 00259E-HS8145C-48575443C221449C
[2026-06-21 15:03:40] Fully decoded device_id: 00259E-HS8145C-48575443C221449C
[2026-06-21 15:03:40] Found in DB: 00259E-HS8145C-48575443C221449C
[2026-06-21 15:03:40] Device ID variants to try: ["00259E-HS8145C-48575443C221449C"]
[2026-06-21 15:03:40] Attempt 0A - Filter exact: devices?query=%7B%22_id%22%3A%2200259E-HS8145C-48575443C221449C%22%7D
[2026-06-21 15:03:40] Attempt 0A - HTTP: 200, Count: 1
[2026-06-21 15:03:40] SUCCESS with filter exact match
[2026-06-21 15:03:40] === GENIEACS DEBUG END ===
[2026-06-21 15:04:26] === GENIEACS DEBUG START ===
[2026-06-21 15:04:26] Original device_id from URL: 00259E-HS8145C-48575443C221449C
[2026-06-21 15:04:26] Fully decoded device_id: 00259E-HS8145C-48575443C221449C
[2026-06-21 15:04:26] Found in DB: 00259E-HS8145C-48575443C221449C
[2026-06-21 15:04:26] Device ID variants to try: ["00259E-HS8145C-48575443C221449C"]
[2026-06-21 15:04:26] Attempt 0A - Filter exact: devices?query=%7B%22_id%22%3A%2200259E-HS8145C-48575443C221449C%22%7D
[2026-06-21 15:04:26] Attempt 0A - HTTP: 200, Count: 1
[2026-06-21 15:04:26] SUCCESS with filter exact match
[2026-06-21 15:04:26] === GENIEACS DEBUG END ===
[2026-06-21 15:05:12] === GENIEACS DEBUG START ===
[2026-06-21 15:05:12] Original device_id from URL: 00259E-HS8145C-48575443C221449C
[2026-06-21 15:05:12] Fully decoded device_id: 00259E-HS8145C-48575443C221449C
[2026-06-21 15:05:12] Found in DB: 00259E-HS8145C-48575443C221449C
[2026-06-21 15:05:12] Device ID variants to try: ["00259E-HS8145C-48575443C221449C"]
[2026-06-21 15:05:12] Attempt 0A - Filter exact: devices?query=%7B%22_id%22%3A%2200259E-HS8145C-48575443C221449C%22%7D
[2026-06-21 15:05:13] Attempt 0A - HTTP: 200, Count: 1
[2026-06-21 15:05:13] SUCCESS with filter exact match
[2026-06-21 15:05:13] === GENIEACS DEBUG END ===
[2026-06-21 15:05:25] === GENIEACS DEBUG START ===
[2026-06-21 15:05:25] Original device_id from URL: 00259E-HS8145C-48575443C221449C
[2026-06-21 15:05:25] Fully decoded device_id: 00259E-HS8145C-48575443C221449C
[2026-06-21 15:05:25] Found in DB: 00259E-HS8145C-48575443C221449C
[2026-06-21 15:05:25] Device ID variants to try: ["00259E-HS8145C-48575443C221449C"]
[2026-06-21 15:05:25] Attempt 0A - Filter exact: devices?query=%7B%22_id%22%3A%2200259E-HS8145C-48575443C221449C%22%7D
[2026-06-21 15:05:25] Attempt 0A - HTTP: 200, Count: 1
[2026-06-21 15:05:25] SUCCESS with filter exact match
[2026-06-21 15:05:25] === GENIEACS DEBUG END ===
[2026-06-21 15:05:37] === GENIEACS DEBUG START ===
[2026-06-21 15:05:37] Original device_id from URL: 00259E-HS8145C-48575443C221449C
[2026-06-21 15:05:37] Fully decoded device_id: 00259E-HS8145C-48575443C221449C
[2026-06-21 15:05:37] Found in DB: 00259E-HS8145C-48575443C221449C
[2026-06-21 15:05:37] Device ID variants to try: ["00259E-HS8145C-48575443C221449C"]
[2026-06-21 15:05:37] Attempt 0A - Filter exact: devices?query=%7B%22_id%22%3A%2200259E-HS8145C-48575443C221449C%22%7D
[2026-06-21 15:05:37] Attempt 0A - HTTP: 200, Count: 1
[2026-06-21 15:05:37] SUCCESS with filter exact match
[2026-06-21 15:05:37] === GENIEACS DEBUG END ===
[2026-06-21 15:05:37] === GENIEACS DEBUG START ===
[2026-06-21 15:05:37] Original device_id from URL: 00259E-HS8145C-48575443C221449C
[2026-06-21 15:05:37] Fully decoded device_id: 00259E-HS8145C-48575443C221449C
[2026-06-21 15:05:37] Found in DB: 00259E-HS8145C-48575443C221449C
[2026-06-21 15:05:37] Device ID variants to try: ["00259E-HS8145C-48575443C221449C"]
[2026-06-21 15:05:37] Attempt 0A - Filter exact: devices?query=%7B%22_id%22%3A%2200259E-HS8145C-48575443C221449C%22%7D
[2026-06-21 15:05:37] Attempt 0A - HTTP: 200, Count: 1
[2026-06-21 15:05:37] SUCCESS with filter exact match
[2026-06-21 15:05:37] === GENIEACS DEBUG END ===
[2026-06-21 18:30:41] === GENIEACS DEBUG START ===
[2026-06-21 18:30:41] Original device_id from URL: 00259E-HS8145C-48575443C221449C
[2026-06-21 18:30:41] Fully decoded device_id: 00259E-HS8145C-48575443C221449C
[2026-06-21 18:30:41] Found in DB: 00259E-HS8145C-48575443C221449C
[2026-06-21 18:30:41] Device ID variants to try: ["00259E-HS8145C-48575443C221449C"]
[2026-06-21 18:30:41] Attempt 0A - Filter exact: devices?query=%7B%22_id%22%3A%2200259E-HS8145C-48575443C221449C%22%7D
[2026-06-21 18:30:41] Attempt 0A - HTTP: 200, Count: 1
[2026-06-21 18:30:41] SUCCESS with filter exact match
[2026-06-21 18:30:41] === GENIEACS DEBUG END ===
[2026-06-21 18:37:01] === GENIEACS DEBUG START ===
[2026-06-21 18:37:01] Original device_id from URL: 00259E-HS8145C-48575443C221449C
[2026-06-21 18:37:01] Fully decoded device_id: 00259E-HS8145C-48575443C221449C
[2026-06-21 18:37:01] Found in DB: 00259E-HS8145C-48575443C221449C
[2026-06-21 18:37:01] Device ID variants to try: ["00259E-HS8145C-48575443C221449C"]
[2026-06-21 18:37:01] Attempt 0A - Filter exact: devices?query=%7B%22_id%22%3A%2200259E-HS8145C-48575443C221449C%22%7D
[2026-06-21 18:37:02] Attempt 0A - HTTP: 200, Count: 1
[2026-06-21 18:37:02] SUCCESS with filter exact match
[2026-06-21 18:37:02] === GENIEACS DEBUG END ===
[2026-06-21 18:44:35] === GENIEACS DEBUG START ===
[2026-06-21 18:44:35] Original device_id from URL: 00259E-HS8145C-48575443C221449C
[2026-06-21 18:44:35] Fully decoded device_id: 00259E-HS8145C-48575443C221449C
[2026-06-21 18:44:35] Found in DB: 00259E-HS8145C-48575443C221449C
[2026-06-21 18:44:35] Device ID variants to try: ["00259E-HS8145C-48575443C221449C"]
[2026-06-21 18:44:35] Attempt 0A - Filter exact: devices?query=%7B%22_id%22%3A%2200259E-HS8145C-48575443C221449C%22%7D
[2026-06-21 18:44:35] Attempt 0A - HTTP: 200, Count: 1
[2026-06-21 18:44:35] SUCCESS with filter exact match
[2026-06-21 18:44:35] === GENIEACS DEBUG END ===
[2026-06-21 19:17:33] === GENIEACS DEBUG START ===
[2026-06-21 19:17:33] Original device_id from URL: 00259E-HS8145C-48575443C221449C
[2026-06-21 19:17:33] Fully decoded device_id: 00259E-HS8145C-48575443C221449C
[2026-06-21 19:17:33] Found in DB: 00259E-HS8145C-48575443C221449C
[2026-06-21 19:17:33] Device ID variants to try: ["00259E-HS8145C-48575443C221449C"]
[2026-06-21 19:17:33] Attempt 0A - Filter exact: devices?query=%7B%22_id%22%3A%2200259E-HS8145C-48575443C221449C%22%7D
[2026-06-21 19:17:33] Attempt 0A - HTTP: 200, Count: 1
[2026-06-21 19:17:33] SUCCESS with filter exact match
[2026-06-21 19:17:33] === GENIEACS DEBUG END ===
[2026-06-21 20:57:19] === GENIEACS DEBUG START ===
[2026-06-21 20:57:19] Original device_id from URL: 00259E-HS8145C-48575443C221449C
[2026-06-21 20:57:19] Fully decoded device_id: 00259E-HS8145C-48575443C221449C
[2026-06-21 20:57:19] Found in DB: 00259E-HS8145C-48575443C221449C
[2026-06-21 20:57:19] Device ID variants to try: ["00259E-HS8145C-48575443C221449C"]
[2026-06-21 20:57:19] Attempt 0A - Filter exact: devices?query=%7B%22_id%22%3A%2200259E-HS8145C-48575443C221449C%22%7D
[2026-06-21 20:57:19] Attempt 0A - HTTP: 200, Count: 1
[2026-06-21 20:57:19] SUCCESS with filter exact match
[2026-06-21 20:57:19] === GENIEACS DEBUG END ===
[2026-06-21 20:57:42] === GENIEACS DEBUG START ===
[2026-06-21 20:57:42] Original device_id from URL: 00259E-HS8145C-48575443C221449C
[2026-06-21 20:57:42] Fully decoded device_id: 00259E-HS8145C-48575443C221449C
[2026-06-21 20:57:42] Found in DB: 00259E-HS8145C-48575443C221449C
[2026-06-21 20:57:42] Device ID variants to try: ["00259E-HS8145C-48575443C221449C"]
[2026-06-21 20:57:42] Attempt 0A - Filter exact: devices?query=%7B%22_id%22%3A%2200259E-HS8145C-48575443C221449C%22%7D
[2026-06-21 20:57:42] Attempt 0A - HTTP: 200, Count: 1
[2026-06-21 20:57:42] SUCCESS with filter exact match
[2026-06-21 20:57:42] === GENIEACS DEBUG END ===
[2026-06-21 20:57:42] === GENIEACS DEBUG START ===
[2026-06-21 20:57:42] Original device_id from URL: 00259E-HS8145C-48575443C221449C
[2026-06-21 20:57:42] Fully decoded device_id: 00259E-HS8145C-48575443C221449C
[2026-06-21 20:57:42] Found in DB: 00259E-HS8145C-48575443C221449C
[2026-06-21 20:57:42] Device ID variants to try: ["00259E-HS8145C-48575443C221449C"]
[2026-06-21 20:57:42] Attempt 0A - Filter exact: devices?query=%7B%22_id%22%3A%2200259E-HS8145C-48575443C221449C%22%7D
[2026-06-21 20:57:42] Attempt 0A - HTTP: 200, Count: 1
[2026-06-21 20:57:42] SUCCESS with filter exact match
[2026-06-21 20:57:42] === GENIEACS DEBUG END ===
[2026-06-21 20:57:45] === GENIEACS DEBUG START ===
[2026-06-21 20:57:45] Original device_id from URL: 00259E-HS8145C-48575443C221449C
[2026-06-21 20:57:45] Fully decoded device_id: 00259E-HS8145C-48575443C221449C
[2026-06-21 20:57:45] Found in DB: 00259E-HS8145C-48575443C221449C
[2026-06-21 20:57:45] Device ID variants to try: ["00259E-HS8145C-48575443C221449C"]
[2026-06-21 20:57:45] Attempt 0A - Filter exact: devices?query=%7B%22_id%22%3A%2200259E-HS8145C-48575443C221449C%22%7D
[2026-06-21 20:57:45] Attempt 0A - HTTP: 200, Count: 1
[2026-06-21 20:57:45] SUCCESS with filter exact match
[2026-06-21 20:57:45] === GENIEACS DEBUG END ===
[2026-06-21 20:57:45] === GENIEACS DEBUG START ===
[2026-06-21 20:57:45] Original device_id from URL: 00259E-HS8145C-48575443C221449C
[2026-06-21 20:57:45] Fully decoded device_id: 00259E-HS8145C-48575443C221449C
[2026-06-21 20:57:45] Found in DB: 00259E-HS8145C-48575443C221449C
[2026-06-21 20:57:45] Device ID variants to try: ["00259E-HS8145C-48575443C221449C"]
[2026-06-21 20:57:45] Attempt 0A - Filter exact: devices?query=%7B%22_id%22%3A%2200259E-HS8145C-48575443C221449C%22%7D
[2026-06-21 20:57:45] Attempt 0A - HTTP: 200, Count: 1
[2026-06-21 20:57:45] SUCCESS with filter exact match
[2026-06-21 20:57:45] === GENIEACS DEBUG END ===
[2026-06-21 21:03:27] === GENIEACS DEBUG START ===
[2026-06-21 21:03:27] Original device_id from URL: 00259E-HS8145C-48575443C221449C
[2026-06-21 21:03:27] Fully decoded device_id: 00259E-HS8145C-48575443C221449C
[2026-06-21 21:03:27] Found in DB: 00259E-HS8145C-48575443C221449C
[2026-06-21 21:03:27] Device ID variants to try: ["00259E-HS8145C-48575443C221449C"]
[2026-06-21 21:03:27] Attempt 0A - Filter exact: devices?query=%7B%22_id%22%3A%2200259E-HS8145C-48575443C221449C%22%7D
[2026-06-21 21:03:27] Attempt 0A - HTTP: 200, Count: 1
[2026-06-21 21:03:27] SUCCESS with filter exact match
[2026-06-21 21:03:27] === GENIEACS DEBUG END ===
[2026-06-21 22:00:32] === GENIEACS DEBUG START ===
[2026-06-21 22:00:32] Original device_id from URL: 00259E-HS8145C-48575443C221449C
[2026-06-21 22:00:32] Fully decoded device_id: 00259E-HS8145C-48575443C221449C
[2026-06-21 22:00:32] Found in DB: 00259E-HS8145C-48575443C221449C
[2026-06-21 22:00:32] Device ID variants to try: ["00259E-HS8145C-48575443C221449C"]
[2026-06-21 22:00:32] Attempt 0A - Filter exact: devices?query=%7B%22_id%22%3A%2200259E-HS8145C-48575443C221449C%22%7D
[2026-06-21 22:00:32] Attempt 0A - HTTP: 200, Count: 1
[2026-06-21 22:00:32] SUCCESS with filter exact match
[2026-06-21 22:00:32] === GENIEACS DEBUG END ===
[2026-06-22 11:41:46] === GENIEACS DEBUG START ===
[2026-06-22 11:41:46] Original device_id from URL: F814FE-F663NV3a-ZICGA57506D8
[2026-06-22 11:41:46] Fully decoded device_id: F814FE-F663NV3a-ZICGA57506D8
[2026-06-22 11:41:46] Found in DB: F814FE-F663NV3a-ZICGA57506D8
[2026-06-22 11:41:46] Device ID variants to try: ["F814FE-F663NV3a-ZICGA57506D8"]
[2026-06-22 11:41:46] Attempt 0A - Filter exact: devices?query=%7B%22_id%22%3A%22F814FE-F663NV3a-ZICGA57506D8%22%7D
[2026-06-22 11:41:46] Attempt 0A - HTTP: 200, Count: 1
[2026-06-22 11:41:46] SUCCESS with filter exact match
[2026-06-22 11:41:46] === GENIEACS DEBUG END ===
[2026-06-22 11:42:02] === GENIEACS DEBUG START ===
[2026-06-22 11:42:02] Original device_id from URL: 00259E-HS8145C-48575443C221449C
[2026-06-22 11:42:02] Fully decoded device_id: 00259E-HS8145C-48575443C221449C
[2026-06-22 11:42:02] Found in DB: 00259E-HS8145C-48575443C221449C
[2026-06-22 11:42:02] Device ID variants to try: ["00259E-HS8145C-48575443C221449C"]
[2026-06-22 11:42:02] Attempt 0A - Filter exact: devices?query=%7B%22_id%22%3A%2200259E-HS8145C-48575443C221449C%22%7D
[2026-06-22 11:42:02] Attempt 0A - HTTP: 200, Count: 1
[2026-06-22 11:42:02] SUCCESS with filter exact match
[2026-06-22 11:42:02] === GENIEACS DEBUG END ===
[2026-06-22 17:02:09] === GENIEACS DEBUG START ===
[2026-06-22 17:02:09] Original device_id from URL: F814FE-F663NV3a-ZICGA57506D8
[2026-06-22 17:02:09] Fully decoded device_id: F814FE-F663NV3a-ZICGA57506D8
[2026-06-22 17:02:09] Found in DB: F814FE-F663NV3a-ZICGA57506D8
[2026-06-22 17:02:09] Device ID variants to try: ["F814FE-F663NV3a-ZICGA57506D8"]
[2026-06-22 17:02:09] Attempt 0A - Filter exact: devices?query=%7B%22_id%22%3A%22F814FE-F663NV3a-ZICGA57506D8%22%7D
[2026-06-22 17:02:09] Attempt 0A - HTTP: 200, Count: 1
[2026-06-22 17:02:09] SUCCESS with filter exact match
[2026-06-22 17:02:09] === GENIEACS DEBUG END ===
[2026-06-22 17:02:23] === GENIEACS DEBUG START ===
[2026-06-22 17:02:23] Original device_id from URL: F814FE-F663NV3a-ZICGA57506D8
[2026-06-22 17:02:23] Fully decoded device_id: F814FE-F663NV3a-ZICGA57506D8
[2026-06-22 17:02:23] Found in DB: F814FE-F663NV3a-ZICGA57506D8
[2026-06-22 17:02:23] Device ID variants to try: ["F814FE-F663NV3a-ZICGA57506D8"]
[2026-06-22 17:02:23] Attempt 0A - Filter exact: devices?query=%7B%22_id%22%3A%22F814FE-F663NV3a-ZICGA57506D8%22%7D
[2026-06-22 17:02:23] Attempt 0A - HTTP: 200, Count: 1
[2026-06-22 17:02:23] SUCCESS with filter exact match
[2026-06-22 17:02:23] === GENIEACS DEBUG END ===
[2026-06-22 17:02:23] === GENIEACS DEBUG START ===
[2026-06-22 17:02:23] Original device_id from URL: F814FE-F663NV3a-ZICGA57506D8
[2026-06-22 17:02:23] Fully decoded device_id: F814FE-F663NV3a-ZICGA57506D8
[2026-06-22 17:02:23] Found in DB: F814FE-F663NV3a-ZICGA57506D8
[2026-06-22 17:02:23] Device ID variants to try: ["F814FE-F663NV3a-ZICGA57506D8"]
[2026-06-22 17:02:23] Attempt 0A - Filter exact: devices?query=%7B%22_id%22%3A%22F814FE-F663NV3a-ZICGA57506D8%22%7D
[2026-06-22 17:02:23] Attempt 0A - HTTP: 200, Count: 1
[2026-06-22 17:02:23] SUCCESS with filter exact match
[2026-06-22 17:02:23] === GENIEACS DEBUG END ===
[2026-06-22 21:18:59] === GENIEACS DEBUG START ===
[2026-06-22 21:18:59] Original device_id from URL: F814FE-F663NV3a-ZICGA57506D8
[2026-06-22 21:18:59] Fully decoded device_id: F814FE-F663NV3a-ZICGA57506D8
[2026-06-22 21:18:59] Found in DB: F814FE-F663NV3a-ZICGA57506D8
[2026-06-22 21:18:59] Device ID variants to try: ["F814FE-F663NV3a-ZICGA57506D8"]
[2026-06-22 21:18:59] Attempt 0A - Filter exact: devices?query=%7B%22_id%22%3A%22F814FE-F663NV3a-ZICGA57506D8%22%7D
[2026-06-22 21:18:59] Attempt 0A - HTTP: 200, Count: 1
[2026-06-22 21:18:59] SUCCESS with filter exact match
[2026-06-22 21:18:59] === GENIEACS DEBUG END ===
[2026-06-23 03:56:59] === GENIEACS DEBUG START ===
[2026-06-23 03:56:59] Original device_id from URL: 00259E-HS8145C-48575443C221449C
[2026-06-23 03:56:59] Fully decoded device_id: 00259E-HS8145C-48575443C221449C
[2026-06-23 03:56:59] Found in DB: 00259E-HS8145C-48575443C221449C
[2026-06-23 03:56:59] Device ID variants to try: ["00259E-HS8145C-48575443C221449C"]
[2026-06-23 03:56:59] Attempt 0A - Filter exact: devices?query=%7B%22_id%22%3A%2200259E-HS8145C-48575443C221449C%22%7D
[2026-06-23 03:56:59] Attempt 0A - HTTP: 200, Count: 1
[2026-06-23 03:56:59] SUCCESS with filter exact match
[2026-06-23 03:56:59] === GENIEACS DEBUG END ===
[2026-06-23 20:48:10] === GENIEACS DEBUG START ===
[2026-06-23 20:48:10] Original device_id from URL: 00259E-HS8145C-48575443C221449C
[2026-06-23 20:48:10] Fully decoded device_id: 00259E-HS8145C-48575443C221449C
[2026-06-23 20:48:10] Found in DB: 00259E-HS8145C-48575443C221449C
[2026-06-23 20:48:10] Device ID variants to try: ["00259E-HS8145C-48575443C221449C"]
[2026-06-23 20:48:10] Attempt 0A - Filter exact: devices?query=%7B%22_id%22%3A%2200259E-HS8145C-48575443C221449C%22%7D
[2026-06-23 20:48:10] Attempt 0A - HTTP: 200, Count: 1
[2026-06-23 20:48:10] SUCCESS with filter exact match
[2026-06-23 20:48:10] === GENIEACS DEBUG END ===
[2026-06-24 00:09:36] === GENIEACS DEBUG START ===
[2026-06-24 00:09:36] Original device_id from URL: 00259E-HS8145C-48575443C221449C
[2026-06-24 00:09:36] Fully decoded device_id: 00259E-HS8145C-48575443C221449C
[2026-06-24 00:09:36] Found in DB: 00259E-HS8145C-48575443C221449C
[2026-06-24 00:09:36] Device ID variants to try: ["00259E-HS8145C-48575443C221449C"]
[2026-06-24 00:09:36] Attempt 0A - Filter exact: devices?query=%7B%22_id%22%3A%2200259E-HS8145C-48575443C221449C%22%7D
[2026-06-24 00:09:36] Attempt 0A - HTTP: 200, Count: 1
[2026-06-24 00:09:36] SUCCESS with filter exact match
[2026-06-24 00:09:36] === GENIEACS DEBUG END ===
[2026-06-24 00:09:58] === GENIEACS DEBUG START ===
[2026-06-24 00:09:58] Original device_id from URL: 00259E-HS8145C-48575443C221449C
[2026-06-24 00:09:58] Fully decoded device_id: 00259E-HS8145C-48575443C221449C
[2026-06-24 00:09:58] Found in DB: 00259E-HS8145C-48575443C221449C
[2026-06-24 00:09:58] Device ID variants to try: ["00259E-HS8145C-48575443C221449C"]
[2026-06-24 00:09:58] Attempt 0A - Filter exact: devices?query=%7B%22_id%22%3A%2200259E-HS8145C-48575443C221449C%22%7D
[2026-06-24 00:09:59] Attempt 0A - HTTP: 200, Count: 1
[2026-06-24 00:09:59] SUCCESS with filter exact match
[2026-06-24 00:09:59] === GENIEACS DEBUG END ===
[2026-06-24 00:09:59] === GENIEACS DEBUG START ===
[2026-06-24 00:09:59] Original device_id from URL: 00259E-HS8145C-48575443C221449C
[2026-06-24 00:09:59] Fully decoded device_id: 00259E-HS8145C-48575443C221449C
[2026-06-24 00:09:59] Found in DB: 00259E-HS8145C-48575443C221449C
[2026-06-24 00:09:59] Device ID variants to try: ["00259E-HS8145C-48575443C221449C"]
[2026-06-24 00:09:59] Attempt 0A - Filter exact: devices?query=%7B%22_id%22%3A%2200259E-HS8145C-48575443C221449C%22%7D
[2026-06-24 00:09:59] Attempt 0A - HTTP: 200, Count: 1
[2026-06-24 00:09:59] SUCCESS with filter exact match
[2026-06-24 00:09:59] === GENIEACS DEBUG END ===
[2026-06-24 10:54:52] === GENIEACS DEBUG START ===
[2026-06-24 10:54:52] Original device_id from URL: 00259E-HS8145C-48575443C221449C
[2026-06-24 10:54:52] Fully decoded device_id: 00259E-HS8145C-48575443C221449C
[2026-06-24 10:54:52] Found in DB: 00259E-HS8145C-48575443C221449C
[2026-06-24 10:54:52] Device ID variants to try: ["00259E-HS8145C-48575443C221449C"]
[2026-06-24 10:54:52] Attempt 0A - Filter exact: devices?query=%7B%22_id%22%3A%2200259E-HS8145C-48575443C221449C%22%7D
[2026-06-24 10:54:52] Attempt 0A - HTTP: 200, Count: 1
[2026-06-24 10:54:52] SUCCESS with filter exact match
[2026-06-24 10:54:52] === GENIEACS DEBUG END ===
[2026-06-24 11:15:40] === GENIEACS DEBUG START ===
[2026-06-24 11:15:40] Original device_id from URL: F814FE-F663NV3a-ZICGA57506D8
[2026-06-24 11:15:40] Fully decoded device_id: F814FE-F663NV3a-ZICGA57506D8
[2026-06-24 11:15:40] Found in DB: F814FE-F663NV3a-ZICGA57506D8
[2026-06-24 11:15:40] Device ID variants to try: ["F814FE-F663NV3a-ZICGA57506D8"]
[2026-06-24 11:15:40] Attempt 0A - Filter exact: devices?query=%7B%22_id%22%3A%22F814FE-F663NV3a-ZICGA57506D8%22%7D
[2026-06-24 11:15:40] Attempt 0A - HTTP: 200, Count: 1
[2026-06-24 11:15:40] SUCCESS with filter exact match
[2026-06-24 11:15:40] === GENIEACS DEBUG END ===
[2026-06-24 11:16:21] === GENIEACS DEBUG START ===
[2026-06-24 11:16:21] Original device_id from URL: 00259E-HS8145C-48575443C221449C
[2026-06-24 11:16:21] Fully decoded device_id: 00259E-HS8145C-48575443C221449C
[2026-06-24 11:16:21] Found in DB: 00259E-HS8145C-48575443C221449C
[2026-06-24 11:16:21] Device ID variants to try: ["00259E-HS8145C-48575443C221449C"]
[2026-06-24 11:16:21] Attempt 0A - Filter exact: devices?query=%7B%22_id%22%3A%2200259E-HS8145C-48575443C221449C%22%7D
[2026-06-24 11:16:21] Attempt 0A - HTTP: 200, Count: 1
[2026-06-24 11:16:21] SUCCESS with filter exact match
[2026-06-24 11:16:21] === GENIEACS DEBUG END ===
[2026-06-24 14:42:45] === GENIEACS DEBUG START ===
[2026-06-24 14:42:45] Original device_id from URL: F814FE-F663NV3a-ZICGA57506D8
[2026-06-24 14:42:45] Fully decoded device_id: F814FE-F663NV3a-ZICGA57506D8
[2026-06-24 14:42:45] Found in DB: F814FE-F663NV3a-ZICGA57506D8
[2026-06-24 14:42:45] Device ID variants to try: ["F814FE-F663NV3a-ZICGA57506D8"]
[2026-06-24 14:42:45] Attempt 0A - Filter exact: devices?query=%7B%22_id%22%3A%22F814FE-F663NV3a-ZICGA57506D8%22%7D
[2026-06-24 14:42:45] Attempt 0A - HTTP: 200, Count: 1
[2026-06-24 14:42:45] SUCCESS with filter exact match
[2026-06-24 14:42:45] === GENIEACS DEBUG END ===
[2026-06-24 14:42:54] === GENIEACS DEBUG START ===
[2026-06-24 14:42:54] Original device_id from URL: F814FE-F663NV3a-ZICGA57506D8
[2026-06-24 14:42:54] Fully decoded device_id: F814FE-F663NV3a-ZICGA57506D8
[2026-06-24 14:42:54] Found in DB: F814FE-F663NV3a-ZICGA57506D8
[2026-06-24 14:42:54] Device ID variants to try: ["F814FE-F663NV3a-ZICGA57506D8"]
[2026-06-24 14:42:54] Attempt 0A - Filter exact: devices?query=%7B%22_id%22%3A%22F814FE-F663NV3a-ZICGA57506D8%22%7D
[2026-06-24 14:42:54] Attempt 0A - HTTP: 200, Count: 1
[2026-06-24 14:42:54] SUCCESS with filter exact match
[2026-06-24 14:42:54] === GENIEACS DEBUG END ===
[2026-06-24 14:46:04] === GENIEACS DEBUG START ===
[2026-06-24 14:46:04] Original device_id from URL: 00259E-HS8145C-48575443C221449C
[2026-06-24 14:46:04] Fully decoded device_id: 00259E-HS8145C-48575443C221449C
[2026-06-24 14:46:04] Found in DB: 00259E-HS8145C-48575443C221449C
[2026-06-24 14:46:04] Device ID variants to try: ["00259E-HS8145C-48575443C221449C"]
[2026-06-24 14:46:04] Attempt 0A - Filter exact: devices?query=%7B%22_id%22%3A%2200259E-HS8145C-48575443C221449C%22%7D
[2026-06-24 14:46:04] Attempt 0A - HTTP: 200, Count: 1
[2026-06-24 14:46:04] SUCCESS with filter exact match
[2026-06-24 14:46:04] === GENIEACS DEBUG END ===
[2026-06-24 14:46:18] === GENIEACS DEBUG START ===
[2026-06-24 14:46:18] Original device_id from URL: 00259E-HS8145C-48575443C221449C
[2026-06-24 14:46:18] Fully decoded device_id: 00259E-HS8145C-48575443C221449C
[2026-06-24 14:46:18] Found in DB: 00259E-HS8145C-48575443C221449C
[2026-06-24 14:46:18] Device ID variants to try: ["00259E-HS8145C-48575443C221449C"]
[2026-06-24 14:46:18] Attempt 0A - Filter exact: devices?query=%7B%22_id%22%3A%2200259E-HS8145C-48575443C221449C%22%7D
[2026-06-24 14:46:18] Attempt 0A - HTTP: 200, Count: 1
[2026-06-24 14:46:18] SUCCESS with filter exact match
[2026-06-24 14:46:18] === GENIEACS DEBUG END ===
[2026-06-24 14:47:40] === GENIEACS DEBUG START ===
[2026-06-24 14:47:40] Original device_id from URL: 00259E-HS8145C-48575443C221449C
[2026-06-24 14:47:40] Fully decoded device_id: 00259E-HS8145C-48575443C221449C
[2026-06-24 14:47:40] Found in DB: 00259E-HS8145C-48575443C221449C
[2026-06-24 14:47:40] Device ID variants to try: ["00259E-HS8145C-48575443C221449C"]
[2026-06-24 14:47:40] Attempt 0A - Filter exact: devices?query=%7B%22_id%22%3A%2200259E-HS8145C-48575443C221449C%22%7D
[2026-06-24 14:47:40] Attempt 0A - HTTP: 200, Count: 1
[2026-06-24 14:47:40] SUCCESS with filter exact match
[2026-06-24 14:47:40] === GENIEACS DEBUG END ===
[2026-06-24 19:53:10] === GENIEACS DEBUG START ===
[2026-06-24 19:53:10] Original device_id from URL: 00259E-HS8145C-48575443C221449C
[2026-06-24 19:53:10] Fully decoded device_id: 00259E-HS8145C-48575443C221449C
[2026-06-24 19:53:10] Found in DB: 00259E-HS8145C-48575443C221449C
[2026-06-24 19:53:10] Device ID variants to try: ["00259E-HS8145C-48575443C221449C"]
[2026-06-24 19:53:10] Attempt 0A - Filter exact: devices?query=%7B%22_id%22%3A%2200259E-HS8145C-48575443C221449C%22%7D
[2026-06-24 19:53:10] Attempt 0A - HTTP: 200, Count: 1
[2026-06-24 19:53:10] SUCCESS with filter exact match
[2026-06-24 19:53:10] === GENIEACS DEBUG END ===
[2026-06-25 19:27:51] === GENIEACS DEBUG START ===
[2026-06-25 19:27:51] Original device_id from URL: F814FE-F663NV3a-ZICGA57506D8
[2026-06-25 19:27:51] Fully decoded device_id: F814FE-F663NV3a-ZICGA57506D8
[2026-06-25 19:27:51] Found in DB: F814FE-F663NV3a-ZICGA57506D8
[2026-06-25 19:27:51] Device ID variants to try: ["F814FE-F663NV3a-ZICGA57506D8"]
[2026-06-25 19:27:51] Attempt 0A - Filter exact: devices?query=%7B%22_id%22%3A%22F814FE-F663NV3a-ZICGA57506D8%22%7D
[2026-06-25 19:27:51] Attempt 0A - HTTP: 200, Count: 1
[2026-06-25 19:27:51] SUCCESS with filter exact match
[2026-06-25 19:27:51] === GENIEACS DEBUG END ===
[2026-06-28 22:29:53] === GENIEACS DEBUG START ===
[2026-06-28 22:29:53] Original device_id from URL: F814FE-F663NV3a-ZICGA57506D8
[2026-06-28 22:29:53] Fully decoded device_id: F814FE-F663NV3a-ZICGA57506D8
[2026-06-28 22:29:53] Found in DB: F814FE-F663NV3a-ZICGA57506D8
[2026-06-28 22:29:53] Device ID variants to try: ["F814FE-F663NV3a-ZICGA57506D8"]
[2026-06-28 22:29:53] Attempt 0A - Filter exact: devices?query=%7B%22_id%22%3A%22F814FE-F663NV3a-ZICGA57506D8%22%7D
[2026-06-28 22:29:53] Attempt 0A - HTTP: 200, Count: 1
[2026-06-28 22:29:53] SUCCESS with filter exact match
[2026-06-28 22:29:53] === GENIEACS DEBUG END ===
[2026-06-28 22:48:54] === GENIEACS DEBUG START ===
[2026-06-28 22:48:54] Original device_id from URL: F814FE-F663NV3a-ZICGA57506D8
[2026-06-28 22:48:54] Fully decoded device_id: F814FE-F663NV3a-ZICGA57506D8
[2026-06-28 22:48:54] Found in DB: F814FE-F663NV3a-ZICGA57506D8
[2026-06-28 22:48:54] Device ID variants to try: ["F814FE-F663NV3a-ZICGA57506D8"]
[2026-06-28 22:48:54] Attempt 0A - Filter exact: devices?query=%7B%22_id%22%3A%22F814FE-F663NV3a-ZICGA57506D8%22%7D
[2026-06-28 22:48:54] Attempt 0A - HTTP: 200, Count: 1
[2026-06-28 22:48:54] SUCCESS with filter exact match
[2026-06-28 22:48:54] === GENIEACS DEBUG END ===
[2026-07-01 04:20:34] === GENIEACS DEBUG START ===
[2026-07-01 04:20:34] Original device_id from URL: F814FE-F663NV3a-ZICGA57506D8
[2026-07-01 04:20:34] Fully decoded device_id: F814FE-F663NV3a-ZICGA57506D8
[2026-07-01 04:20:34] Found in DB: F814FE-F663NV3a-ZICGA57506D8
[2026-07-01 04:20:34] Device ID variants to try: ["F814FE-F663NV3a-ZICGA57506D8"]
[2026-07-01 04:20:34] Attempt 0A - Filter exact: devices?query=%7B%22_id%22%3A%22F814FE-F663NV3a-ZICGA57506D8%22%7D
[2026-07-01 04:20:34] Attempt 0A - HTTP: 200, Count: 1
[2026-07-01 04:20:34] SUCCESS with filter exact match
[2026-07-01 04:20:34] === GENIEACS DEBUG END ===
[2026-07-01 04:20:45] === GENIEACS DEBUG START ===
[2026-07-01 04:20:45] Original device_id from URL: 00259E-HS8145C-48575443C221449C
[2026-07-01 04:20:45] Fully decoded device_id: 00259E-HS8145C-48575443C221449C
[2026-07-01 04:20:45] Found in DB: 00259E-HS8145C-48575443C221449C
[2026-07-01 04:20:45] Device ID variants to try: ["00259E-HS8145C-48575443C221449C"]
[2026-07-01 04:20:45] Attempt 0A - Filter exact: devices?query=%7B%22_id%22%3A%2200259E-HS8145C-48575443C221449C%22%7D
[2026-07-01 04:20:45] Attempt 0A - HTTP: 200, Count: 1
[2026-07-01 04:20:45] SUCCESS with filter exact match
[2026-07-01 04:20:45] === GENIEACS DEBUG END ===
[2026-07-01 14:44:42] === GENIEACS DEBUG START ===
[2026-07-01 14:44:42] Original device_id from URL: F814FE-F663NV3a-ZICGA57506D8
[2026-07-01 14:44:42] Fully decoded device_id: F814FE-F663NV3a-ZICGA57506D8
[2026-07-01 14:44:42] Found in DB: F814FE-F663NV3a-ZICGA57506D8
[2026-07-01 14:44:42] Device ID variants to try: ["F814FE-F663NV3a-ZICGA57506D8"]
[2026-07-01 14:44:42] Attempt 0A - Filter exact: devices?query=%7B%22_id%22%3A%22F814FE-F663NV3a-ZICGA57506D8%22%7D
[2026-07-01 14:44:42] Attempt 0A - HTTP: 200, Count: 1
[2026-07-01 14:44:42] SUCCESS with filter exact match
[2026-07-01 14:44:42] === GENIEACS DEBUG END ===
[2026-07-01 14:47:47] === GENIEACS DEBUG START ===
[2026-07-01 14:47:47] Original device_id from URL: F814FE-F663NV3a-ZICGA57506D8
[2026-07-01 14:47:47] Fully decoded device_id: F814FE-F663NV3a-ZICGA57506D8
[2026-07-01 14:47:47] Found in DB: F814FE-F663NV3a-ZICGA57506D8
[2026-07-01 14:47:47] Device ID variants to try: ["F814FE-F663NV3a-ZICGA57506D8"]
[2026-07-01 14:47:47] Attempt 0A - Filter exact: devices?query=%7B%22_id%22%3A%22F814FE-F663NV3a-ZICGA57506D8%22%7D
[2026-07-01 14:47:47] Attempt 0A - HTTP: 200, Count: 1
[2026-07-01 14:47:47] SUCCESS with filter exact match
[2026-07-01 14:47:47] === GENIEACS DEBUG END ===
[2026-07-01 14:50:53] === GENIEACS DEBUG START ===
[2026-07-01 14:50:53] Original device_id from URL: F814FE-F663NV3a-ZICGA57506D8
[2026-07-01 14:50:53] Fully decoded device_id: F814FE-F663NV3a-ZICGA57506D8
[2026-07-01 14:50:53] Found in DB: F814FE-F663NV3a-ZICGA57506D8
[2026-07-01 14:50:53] Device ID variants to try: ["F814FE-F663NV3a-ZICGA57506D8"]
[2026-07-01 14:50:53] Attempt 0A - Filter exact: devices?query=%7B%22_id%22%3A%22F814FE-F663NV3a-ZICGA57506D8%22%7D
[2026-07-01 14:50:53] Attempt 0A - HTTP: 200, Count: 1
[2026-07-01 14:50:53] SUCCESS with filter exact match
[2026-07-01 14:50:53] === GENIEACS DEBUG END ===
[2026-07-01 14:51:38] === GENIEACS DEBUG START ===
[2026-07-01 14:51:38] Original device_id from URL: F814FE-F663NV3a-ZICGA57506D8
[2026-07-01 14:51:38] Fully decoded device_id: F814FE-F663NV3a-ZICGA57506D8
[2026-07-01 14:51:38] Found in DB: F814FE-F663NV3a-ZICGA57506D8
[2026-07-01 14:51:38] Device ID variants to try: ["F814FE-F663NV3a-ZICGA57506D8"]
[2026-07-01 14:51:38] Attempt 0A - Filter exact: devices?query=%7B%22_id%22%3A%22F814FE-F663NV3a-ZICGA57506D8%22%7D
[2026-07-01 14:51:38] Attempt 0A - HTTP: 200, Count: 1
[2026-07-01 14:51:38] SUCCESS with filter exact match
[2026-07-01 14:51:38] === GENIEACS DEBUG END ===
[2026-07-01 14:52:30] === GENIEACS DEBUG START ===
[2026-07-01 14:52:30] Original device_id from URL: F814FE-F663NV3a-ZICGA57506D8
[2026-07-01 14:52:30] Fully decoded device_id: F814FE-F663NV3a-ZICGA57506D8
[2026-07-01 14:52:30] Found in DB: F814FE-F663NV3a-ZICGA57506D8
[2026-07-01 14:52:30] Device ID variants to try: ["F814FE-F663NV3a-ZICGA57506D8"]
[2026-07-01 14:52:30] Attempt 0A - Filter exact: devices?query=%7B%22_id%22%3A%22F814FE-F663NV3a-ZICGA57506D8%22%7D
[2026-07-01 14:52:30] Attempt 0A - HTTP: 200, Count: 1
[2026-07-01 14:52:30] SUCCESS with filter exact match
[2026-07-01 14:52:30] === GENIEACS DEBUG END ===
[2026-07-01 14:55:32] === GENIEACS DEBUG START ===
[2026-07-01 14:55:32] Original device_id from URL: F814FE-F663NV3a-ZICGA57506D8
[2026-07-01 14:55:32] Fully decoded device_id: F814FE-F663NV3a-ZICGA57506D8
[2026-07-01 14:55:32] Found in DB: F814FE-F663NV3a-ZICGA57506D8
[2026-07-01 14:55:32] Device ID variants to try: ["F814FE-F663NV3a-ZICGA57506D8"]
[2026-07-01 14:55:32] Attempt 0A - Filter exact: devices?query=%7B%22_id%22%3A%22F814FE-F663NV3a-ZICGA57506D8%22%7D
[2026-07-01 14:55:32] Attempt 0A - HTTP: 200, Count: 1
[2026-07-01 14:55:32] SUCCESS with filter exact match
[2026-07-01 14:55:32] === GENIEACS DEBUG END ===
[2026-07-01 14:55:33] === GENIEACS DEBUG START ===
[2026-07-01 14:55:33] Original device_id from URL: F814FE-F663NV3a-ZICGA57506D8
[2026-07-01 14:55:33] Fully decoded device_id: F814FE-F663NV3a-ZICGA57506D8
[2026-07-01 14:55:33] Found in DB: F814FE-F663NV3a-ZICGA57506D8
[2026-07-01 14:55:33] Device ID variants to try: ["F814FE-F663NV3a-ZICGA57506D8"]
[2026-07-01 14:55:33] Attempt 0A - Filter exact: devices?query=%7B%22_id%22%3A%22F814FE-F663NV3a-ZICGA57506D8%22%7D
[2026-07-01 14:55:33] Attempt 0A - HTTP: 200, Count: 1
[2026-07-01 14:55:33] SUCCESS with filter exact match
[2026-07-01 14:55:33] === GENIEACS DEBUG END ===
[2026-07-01 14:55:53] === GENIEACS DEBUG START ===
[2026-07-01 14:55:53] Original device_id from URL: F814FE-F663NV3a-ZICGA57506D8
[2026-07-01 14:55:53] Fully decoded device_id: F814FE-F663NV3a-ZICGA57506D8
[2026-07-01 14:55:53] Found in DB: F814FE-F663NV3a-ZICGA57506D8
[2026-07-01 14:55:53] Device ID variants to try: ["F814FE-F663NV3a-ZICGA57506D8"]
[2026-07-01 14:55:53] Attempt 0A - Filter exact: devices?query=%7B%22_id%22%3A%22F814FE-F663NV3a-ZICGA57506D8%22%7D
[2026-07-01 14:55:53] Attempt 0A - HTTP: 200, Count: 1
[2026-07-01 14:55:53] SUCCESS with filter exact match
[2026-07-01 14:55:53] === GENIEACS DEBUG END ===
[2026-07-01 15:02:42] === GENIEACS DEBUG START ===
[2026-07-01 15:02:42] Original device_id from URL: 00259E-HS8145C-48575443C221449C
[2026-07-01 15:02:42] Fully decoded device_id: 00259E-HS8145C-48575443C221449C
[2026-07-01 15:02:42] Found in DB: 00259E-HS8145C-48575443C221449C
[2026-07-01 15:02:42] Device ID variants to try: ["00259E-HS8145C-48575443C221449C"]
[2026-07-01 15:02:42] Attempt 0A - Filter exact: devices?query=%7B%22_id%22%3A%2200259E-HS8145C-48575443C221449C%22%7D
[2026-07-01 15:02:42] Attempt 0A - HTTP: 200, Count: 1
[2026-07-01 15:02:42] SUCCESS with filter exact match
[2026-07-01 15:02:42] === GENIEACS DEBUG END ===
[2026-07-01 15:05:45] === GENIEACS DEBUG START ===
[2026-07-01 15:05:45] Original device_id from URL: F814FE-F663NV3a-ZICGA57506D8
[2026-07-01 15:05:45] Fully decoded device_id: F814FE-F663NV3a-ZICGA57506D8
[2026-07-01 15:05:45] Found in DB: F814FE-F663NV3a-ZICGA57506D8
[2026-07-01 15:05:45] Device ID variants to try: ["F814FE-F663NV3a-ZICGA57506D8"]
[2026-07-01 15:05:45] Attempt 0A - Filter exact: devices?query=%7B%22_id%22%3A%22F814FE-F663NV3a-ZICGA57506D8%22%7D
[2026-07-01 15:05:45] Attempt 0A - HTTP: 200, Count: 1
[2026-07-01 15:05:45] SUCCESS with filter exact match
[2026-07-01 15:05:45] === GENIEACS DEBUG END ===
[2026-07-01 16:06:52] === GENIEACS DEBUG START ===
[2026-07-01 16:06:52] Original device_id from URL: F814FE-F663NV3a-ZICGA57506D8
[2026-07-01 16:06:52] Fully decoded device_id: F814FE-F663NV3a-ZICGA57506D8
[2026-07-01 16:06:52] Found in DB: F814FE-F663NV3a-ZICGA57506D8
[2026-07-01 16:06:52] Device ID variants to try: ["F814FE-F663NV3a-ZICGA57506D8"]
[2026-07-01 16:06:52] Attempt 0A - Filter exact: devices?query=%7B%22_id%22%3A%22F814FE-F663NV3a-ZICGA57506D8%22%7D
[2026-07-01 16:06:52] Attempt 0A - HTTP: 200, Count: 1
[2026-07-01 16:06:52] SUCCESS with filter exact match
[2026-07-01 16:06:52] === GENIEACS DEBUG END ===
[2026-07-01 16:07:23] === GENIEACS DEBUG START ===
[2026-07-01 16:07:23] Original device_id from URL: F814FE-F663NV3a-ZICGA57506D8
[2026-07-01 16:07:23] Fully decoded device_id: F814FE-F663NV3a-ZICGA57506D8
[2026-07-01 16:07:23] Found in DB: F814FE-F663NV3a-ZICGA57506D8
[2026-07-01 16:07:23] Device ID variants to try: ["F814FE-F663NV3a-ZICGA57506D8"]
[2026-07-01 16:07:23] Attempt 0A - Filter exact: devices?query=%7B%22_id%22%3A%22F814FE-F663NV3a-ZICGA57506D8%22%7D
[2026-07-01 16:07:23] Attempt 0A - HTTP: 200, Count: 1
[2026-07-01 16:07:23] SUCCESS with filter exact match
[2026-07-01 16:07:23] === GENIEACS DEBUG END ===
[2026-07-01 16:08:06] === GENIEACS DEBUG START ===
[2026-07-01 16:08:06] Original device_id from URL: F814FE-F663NV3a-ZICGA57506D8
[2026-07-01 16:08:06] Fully decoded device_id: F814FE-F663NV3a-ZICGA57506D8
[2026-07-01 16:08:06] Found in DB: F814FE-F663NV3a-ZICGA57506D8
[2026-07-01 16:08:06] Device ID variants to try: ["F814FE-F663NV3a-ZICGA57506D8"]
[2026-07-01 16:08:06] Attempt 0A - Filter exact: devices?query=%7B%22_id%22%3A%22F814FE-F663NV3a-ZICGA57506D8%22%7D
[2026-07-01 16:08:06] Attempt 0A - HTTP: 200, Count: 1
[2026-07-01 16:08:06] SUCCESS with filter exact match
[2026-07-01 16:08:06] === GENIEACS DEBUG END ===
[2026-07-01 16:08:06] === GENIEACS DEBUG START ===
[2026-07-01 16:08:06] Original device_id from URL: F814FE-F663NV3a-ZICGA57506D8
[2026-07-01 16:08:06] Fully decoded device_id: F814FE-F663NV3a-ZICGA57506D8
[2026-07-01 16:08:06] Found in DB: F814FE-F663NV3a-ZICGA57506D8
[2026-07-01 16:08:06] Device ID variants to try: ["F814FE-F663NV3a-ZICGA57506D8"]
[2026-07-01 16:08:06] Attempt 0A - Filter exact: devices?query=%7B%22_id%22%3A%22F814FE-F663NV3a-ZICGA57506D8%22%7D
[2026-07-01 16:08:06] Attempt 0A - HTTP: 200, Count: 1
[2026-07-01 16:08:06] SUCCESS with filter exact match
[2026-07-01 16:08:06] === GENIEACS DEBUG END ===
[2026-07-01 16:19:34] === GENIEACS DEBUG START ===
[2026-07-01 16:19:34] Original device_id from URL: F814FE-F663NV3a-ZICGA57506D8
[2026-07-01 16:19:34] Fully decoded device_id: F814FE-F663NV3a-ZICGA57506D8
[2026-07-01 16:19:34] Found in DB: F814FE-F663NV3a-ZICGA57506D8
[2026-07-01 16:19:34] Device ID variants to try: ["F814FE-F663NV3a-ZICGA57506D8"]
[2026-07-01 16:19:34] Attempt 0A - Filter exact: devices?query=%7B%22_id%22%3A%22F814FE-F663NV3a-ZICGA57506D8%22%7D
[2026-07-01 16:19:34] Attempt 0A - HTTP: 200, Count: 1
[2026-07-01 16:19:34] SUCCESS with filter exact match
[2026-07-01 16:19:34] === GENIEACS DEBUG END ===
[2026-07-01 16:19:42] === GENIEACS DEBUG START ===
[2026-07-01 16:19:42] Original device_id from URL: F814FE-F663NV3a-ZICGA57506D8
[2026-07-01 16:19:42] Fully decoded device_id: F814FE-F663NV3a-ZICGA57506D8
[2026-07-01 16:19:42] Found in DB: F814FE-F663NV3a-ZICGA57506D8
[2026-07-01 16:19:42] Device ID variants to try: ["F814FE-F663NV3a-ZICGA57506D8"]
[2026-07-01 16:19:42] Attempt 0A - Filter exact: devices?query=%7B%22_id%22%3A%22F814FE-F663NV3a-ZICGA57506D8%22%7D
[2026-07-01 16:19:42] Attempt 0A - HTTP: 200, Count: 1
[2026-07-01 16:19:42] SUCCESS with filter exact match
[2026-07-01 16:19:42] === GENIEACS DEBUG END ===
[2026-07-01 16:19:58] === GENIEACS DEBUG START ===
[2026-07-01 16:19:58] Original device_id from URL: F814FE-F663NV3a-ZICGA57506D8
[2026-07-01 16:19:58] Fully decoded device_id: F814FE-F663NV3a-ZICGA57506D8
[2026-07-01 16:19:58] Found in DB: F814FE-F663NV3a-ZICGA57506D8
[2026-07-01 16:19:58] Device ID variants to try: ["F814FE-F663NV3a-ZICGA57506D8"]
[2026-07-01 16:19:58] Attempt 0A - Filter exact: devices?query=%7B%22_id%22%3A%22F814FE-F663NV3a-ZICGA57506D8%22%7D
[2026-07-01 16:19:58] Attempt 0A - HTTP: 200, Count: 1
[2026-07-01 16:19:58] SUCCESS with filter exact match
[2026-07-01 16:19:58] === GENIEACS DEBUG END ===
[2026-07-01 16:21:18] === GENIEACS DEBUG START ===
[2026-07-01 16:21:18] Original device_id from URL: F814FE-F663NV3a-ZICGA57506D8
[2026-07-01 16:21:18] Fully decoded device_id: F814FE-F663NV3a-ZICGA57506D8
[2026-07-01 16:21:18] Found in DB: F814FE-F663NV3a-ZICGA57506D8
[2026-07-01 16:21:18] Device ID variants to try: ["F814FE-F663NV3a-ZICGA57506D8"]
[2026-07-01 16:21:18] Attempt 0A - Filter exact: devices?query=%7B%22_id%22%3A%22F814FE-F663NV3a-ZICGA57506D8%22%7D
[2026-07-01 16:21:18] Attempt 0A - HTTP: 200, Count: 1
[2026-07-01 16:21:18] SUCCESS with filter exact match
[2026-07-01 16:21:18] === GENIEACS DEBUG END ===
[2026-07-01 16:21:39] === GENIEACS DEBUG START ===
[2026-07-01 16:21:39] Original device_id from URL: F814FE-F663NV3a-ZICGA57506D8
[2026-07-01 16:21:39] Fully decoded device_id: F814FE-F663NV3a-ZICGA57506D8
[2026-07-01 16:21:39] Found in DB: F814FE-F663NV3a-ZICGA57506D8
[2026-07-01 16:21:39] Device ID variants to try: ["F814FE-F663NV3a-ZICGA57506D8"]
[2026-07-01 16:21:39] Attempt 0A - Filter exact: devices?query=%7B%22_id%22%3A%22F814FE-F663NV3a-ZICGA57506D8%22%7D
[2026-07-01 16:21:39] Attempt 0A - HTTP: 200, Count: 1
[2026-07-01 16:21:39] SUCCESS with filter exact match
[2026-07-01 16:21:39] === GENIEACS DEBUG END ===
[2026-07-01 16:21:48] === GENIEACS DEBUG START ===
[2026-07-01 16:21:48] Original device_id from URL: F814FE-F663NV3a-ZICGA57506D8
[2026-07-01 16:21:48] Fully decoded device_id: F814FE-F663NV3a-ZICGA57506D8
[2026-07-01 16:21:48] Found in DB: F814FE-F663NV3a-ZICGA57506D8
[2026-07-01 16:21:48] Device ID variants to try: ["F814FE-F663NV3a-ZICGA57506D8"]
[2026-07-01 16:21:48] Attempt 0A - Filter exact: devices?query=%7B%22_id%22%3A%22F814FE-F663NV3a-ZICGA57506D8%22%7D
[2026-07-01 16:21:48] Attempt 0A - HTTP: 200, Count: 1
[2026-07-01 16:21:48] SUCCESS with filter exact match
[2026-07-01 16:21:48] === GENIEACS DEBUG END ===
[2026-07-01 16:21:55] === GENIEACS DEBUG START ===
[2026-07-01 16:21:55] Original device_id from URL: F814FE-F663NV3a-ZICGA57506D8
[2026-07-01 16:21:55] Fully decoded device_id: F814FE-F663NV3a-ZICGA57506D8
[2026-07-01 16:21:55] Found in DB: F814FE-F663NV3a-ZICGA57506D8
[2026-07-01 16:21:55] Device ID variants to try: ["F814FE-F663NV3a-ZICGA57506D8"]
[2026-07-01 16:21:55] Attempt 0A - Filter exact: devices?query=%7B%22_id%22%3A%22F814FE-F663NV3a-ZICGA57506D8%22%7D
[2026-07-01 16:21:55] Attempt 0A - HTTP: 200, Count: 1
[2026-07-01 16:21:55] SUCCESS with filter exact match
[2026-07-01 16:21:55] === GENIEACS DEBUG END ===
[2026-07-01 16:22:06] === GENIEACS DEBUG START ===
[2026-07-01 16:22:06] Original device_id from URL: F814FE-F663NV3a-ZICGA57506D8
[2026-07-01 16:22:06] Fully decoded device_id: F814FE-F663NV3a-ZICGA57506D8
[2026-07-01 16:22:06] Found in DB: F814FE-F663NV3a-ZICGA57506D8
[2026-07-01 16:22:06] Device ID variants to try: ["F814FE-F663NV3a-ZICGA57506D8"]
[2026-07-01 16:22:06] Attempt 0A - Filter exact: devices?query=%7B%22_id%22%3A%22F814FE-F663NV3a-ZICGA57506D8%22%7D
[2026-07-01 16:22:06] Attempt 0A - HTTP: 200, Count: 1
[2026-07-01 16:22:06] SUCCESS with filter exact match
[2026-07-01 16:22:06] === GENIEACS DEBUG END ===
[2026-07-01 16:22:10] === GENIEACS DEBUG START ===
[2026-07-01 16:22:10] Original device_id from URL: F814FE-F663NV3a-ZICGA57506D8
[2026-07-01 16:22:10] Fully decoded device_id: F814FE-F663NV3a-ZICGA57506D8
[2026-07-01 16:22:10] Found in DB: F814FE-F663NV3a-ZICGA57506D8
[2026-07-01 16:22:10] Device ID variants to try: ["F814FE-F663NV3a-ZICGA57506D8"]
[2026-07-01 16:22:10] Attempt 0A - Filter exact: devices?query=%7B%22_id%22%3A%22F814FE-F663NV3a-ZICGA57506D8%22%7D
[2026-07-01 16:22:10] Attempt 0A - HTTP: 200, Count: 1
[2026-07-01 16:22:10] SUCCESS with filter exact match
[2026-07-01 16:22:10] === GENIEACS DEBUG END ===
[2026-07-01 16:24:17] === GENIEACS DEBUG START ===
[2026-07-01 16:24:17] Original device_id from URL: F814FE-F663NV3a-ZICGA57506D8
[2026-07-01 16:24:17] Fully decoded device_id: F814FE-F663NV3a-ZICGA57506D8
[2026-07-01 16:24:17] Found in DB: F814FE-F663NV3a-ZICGA57506D8
[2026-07-01 16:24:17] Device ID variants to try: ["F814FE-F663NV3a-ZICGA57506D8"]
[2026-07-01 16:24:17] Attempt 0A - Filter exact: devices?query=%7B%22_id%22%3A%22F814FE-F663NV3a-ZICGA57506D8%22%7D
[2026-07-01 16:24:17] Attempt 0A - HTTP: 200, Count: 1
[2026-07-01 16:24:17] SUCCESS with filter exact match
[2026-07-01 16:24:17] === GENIEACS DEBUG END ===
[2026-07-01 16:24:18] === GENIEACS DEBUG START ===
[2026-07-01 16:24:18] Original device_id from URL: F814FE-F663NV3a-ZICGA57506D8
[2026-07-01 16:24:18] Fully decoded device_id: F814FE-F663NV3a-ZICGA57506D8
[2026-07-01 16:24:18] Found in DB: F814FE-F663NV3a-ZICGA57506D8
[2026-07-01 16:24:18] Device ID variants to try: ["F814FE-F663NV3a-ZICGA57506D8"]
[2026-07-01 16:24:18] Attempt 0A - Filter exact: devices?query=%7B%22_id%22%3A%22F814FE-F663NV3a-ZICGA57506D8%22%7D
[2026-07-01 16:24:18] Attempt 0A - HTTP: 200, Count: 1
[2026-07-01 16:24:18] SUCCESS with filter exact match
[2026-07-01 16:24:18] === GENIEACS DEBUG END ===
[2026-07-01 18:58:28] === GENIEACS DEBUG START ===
[2026-07-01 18:58:28] Original device_id from URL: F814FE-F663NV3a-ZICGA57506D8
[2026-07-01 18:58:28] Fully decoded device_id: F814FE-F663NV3a-ZICGA57506D8
[2026-07-01 18:58:28] Found in DB: F814FE-F663NV3a-ZICGA57506D8
[2026-07-01 18:58:28] Device ID variants to try: ["F814FE-F663NV3a-ZICGA57506D8"]
[2026-07-01 18:58:28] Attempt 0A - Filter exact: devices?query=%7B%22_id%22%3A%22F814FE-F663NV3a-ZICGA57506D8%22%7D
[2026-07-01 18:58:28] Attempt 0A - HTTP: 200, Count: 1
[2026-07-01 18:58:28] SUCCESS with filter exact match
[2026-07-01 18:58:28] === GENIEACS DEBUG END ===
[2026-07-01 18:59:03] === GENIEACS DEBUG START ===
[2026-07-01 18:59:03] Original device_id from URL: F814FE-F663NV3a-ZICGA57506D8
[2026-07-01 18:59:03] Fully decoded device_id: F814FE-F663NV3a-ZICGA57506D8
[2026-07-01 18:59:03] Found in DB: F814FE-F663NV3a-ZICGA57506D8
[2026-07-01 18:59:03] Device ID variants to try: ["F814FE-F663NV3a-ZICGA57506D8"]
[2026-07-01 18:59:03] Attempt 0A - Filter exact: devices?query=%7B%22_id%22%3A%22F814FE-F663NV3a-ZICGA57506D8%22%7D
[2026-07-01 18:59:03] Attempt 0A - HTTP: 200, Count: 1
[2026-07-01 18:59:03] SUCCESS with filter exact match
[2026-07-01 18:59:03] === GENIEACS DEBUG END ===
[2026-07-01 20:28:17] === GENIEACS DEBUG START ===
[2026-07-01 20:28:17] Original device_id from URL: 80B07B-F663NV3A-ZTEGCA8F7BAC
[2026-07-01 20:28:17] Fully decoded device_id: 80B07B-F663NV3A-ZTEGCA8F7BAC
[2026-07-01 20:28:17] Device ID variants to try: ["80B07B-F663NV3A-ZTEGCA8F7BAC"]
[2026-07-01 20:28:17] Attempt 0A - Filter exact: devices?query=%7B%22_id%22%3A%2280B07B-F663NV3A-ZTEGCA8F7BAC%22%7D
[2026-07-01 20:28:17] Attempt 0A - HTTP: 200, Count: 1
[2026-07-01 20:28:17] SUCCESS with filter exact match
[2026-07-01 20:28:17] === GENIEACS DEBUG END ===
[2026-07-01 20:47:57] === GENIEACS DEBUG START ===
[2026-07-01 20:47:57] Original device_id from URL: 00259E-HS8145C-48575443C221449C
[2026-07-01 20:47:57] Fully decoded device_id: 00259E-HS8145C-48575443C221449C
[2026-07-01 20:47:57] Found in DB: 00259E-HS8145C-48575443C221449C
[2026-07-01 20:47:57] Device ID variants to try: ["00259E-HS8145C-48575443C221449C"]
[2026-07-01 20:47:57] Attempt 0A - Filter exact: devices?query=%7B%22_id%22%3A%2200259E-HS8145C-48575443C221449C%22%7D
[2026-07-01 20:47:57] Attempt 0A - HTTP: 200, Count: 1
[2026-07-01 20:47:57] SUCCESS with filter exact match
[2026-07-01 20:47:57] === GENIEACS DEBUG END ===
[2026-07-01 20:48:10] === GENIEACS DEBUG START ===
[2026-07-01 20:48:10] Original device_id from URL: 00259E-HS8145C-48575443C221449C
[2026-07-01 20:48:10] Fully decoded device_id: 00259E-HS8145C-48575443C221449C
[2026-07-01 20:48:10] Found in DB: 00259E-HS8145C-48575443C221449C
[2026-07-01 20:48:10] Device ID variants to try: ["00259E-HS8145C-48575443C221449C"]
[2026-07-01 20:48:10] Attempt 0A - Filter exact: devices?query=%7B%22_id%22%3A%2200259E-HS8145C-48575443C221449C%22%7D
[2026-07-01 20:48:10] Attempt 0A - HTTP: 200, Count: 1
[2026-07-01 20:48:10] SUCCESS with filter exact match
[2026-07-01 20:48:10] === GENIEACS DEBUG END ===
[2026-07-01 20:49:46] === GENIEACS DEBUG START ===
[2026-07-01 20:49:46] Original device_id from URL: 00259E-HS8145C-48575443C221449C
[2026-07-01 20:49:46] Fully decoded device_id: 00259E-HS8145C-48575443C221449C
[2026-07-01 20:49:46] Found in DB: 00259E-HS8145C-48575443C221449C
[2026-07-01 20:49:46] Device ID variants to try: ["00259E-HS8145C-48575443C221449C"]
[2026-07-01 20:49:46] Attempt 0A - Filter exact: devices?query=%7B%22_id%22%3A%2200259E-HS8145C-48575443C221449C%22%7D
[2026-07-01 20:49:46] Attempt 0A - HTTP: 200, Count: 1
[2026-07-01 20:49:46] SUCCESS with filter exact match
[2026-07-01 20:49:46] === GENIEACS DEBUG END ===
[2026-07-02 08:53:28] === GENIEACS DEBUG START ===
[2026-07-02 08:53:28] Original device_id from URL: 80B07B-F663NV3A-ZTEGCA8F7BAC
[2026-07-02 08:53:28] Fully decoded device_id: 80B07B-F663NV3A-ZTEGCA8F7BAC
[2026-07-02 08:53:28] Device ID variants to try: ["80B07B-F663NV3A-ZTEGCA8F7BAC"]
[2026-07-02 08:53:28] Attempt 0A - Filter exact: devices?query=%7B%22_id%22%3A%2280B07B-F663NV3A-ZTEGCA8F7BAC%22%7D
[2026-07-02 08:53:28] Attempt 0A - HTTP: 200, Count: 1
[2026-07-02 08:53:28] SUCCESS with filter exact match
[2026-07-02 08:53:28] === GENIEACS DEBUG END ===
[2026-07-02 10:54:02] === GENIEACS DEBUG START ===
[2026-07-02 10:54:02] Original device_id from URL: F814FE-F663NV3a-ZICGA574B27E
[2026-07-02 10:54:02] Fully decoded device_id: F814FE-F663NV3a-ZICGA574B27E
[2026-07-02 10:54:02] Device ID variants to try: ["F814FE-F663NV3a-ZICGA574B27E"]
[2026-07-02 10:54:02] Attempt 0A - Filter exact: devices?query=%7B%22_id%22%3A%22F814FE-F663NV3a-ZICGA574B27E%22%7D
[2026-07-02 10:54:02] Attempt 0A - HTTP: 200, Count: 1
[2026-07-02 10:54:02] SUCCESS with filter exact match
[2026-07-02 10:54:02] === GENIEACS DEBUG END ===
[2026-07-02 12:04:58] === GENIEACS DEBUG START ===
[2026-07-02 12:04:58] Original device_id from URL: F814FE-F663NV3a-ZICGA57506D8
[2026-07-02 12:04:58] Fully decoded device_id: F814FE-F663NV3a-ZICGA57506D8
[2026-07-02 12:04:58] Found in DB: F814FE-F663NV3a-ZICGA57506D8
[2026-07-02 12:04:58] Device ID variants to try: ["F814FE-F663NV3a-ZICGA57506D8"]
[2026-07-02 12:04:58] Attempt 0A - Filter exact: devices?query=%7B%22_id%22%3A%22F814FE-F663NV3a-ZICGA57506D8%22%7D
[2026-07-02 12:04:58] Attempt 0A - HTTP: 200, Count: 1
[2026-07-02 12:04:58] SUCCESS with filter exact match
[2026-07-02 12:04:58] === GENIEACS DEBUG END ===
[2026-07-02 14:05:40] === GENIEACS DEBUG START ===
[2026-07-02 14:05:40] Original device_id from URL: F814FE-F663NV3a-ZICGA5755295
[2026-07-02 14:05:40] Fully decoded device_id: F814FE-F663NV3a-ZICGA5755295
[2026-07-02 14:05:40] Device ID variants to try: ["F814FE-F663NV3a-ZICGA5755295"]
[2026-07-02 14:05:40] Attempt 0A - Filter exact: devices?query=%7B%22_id%22%3A%22F814FE-F663NV3a-ZICGA5755295%22%7D
[2026-07-02 14:05:40] Attempt 0A - HTTP: 200, Count: 1
[2026-07-02 14:05:40] SUCCESS with filter exact match
[2026-07-02 14:05:40] === GENIEACS DEBUG END ===
[2026-07-02 14:08:46] === GENIEACS DEBUG START ===
[2026-07-02 14:08:46] Original device_id from URL: F814FE-F663NV3a-ZICGA5755295
[2026-07-02 14:08:46] Fully decoded device_id: F814FE-F663NV3a-ZICGA5755295
[2026-07-02 14:08:46] Device ID variants to try: ["F814FE-F663NV3a-ZICGA5755295"]
[2026-07-02 14:08:46] Attempt 0A - Filter exact: devices?query=%7B%22_id%22%3A%22F814FE-F663NV3a-ZICGA5755295%22%7D
[2026-07-02 14:08:46] Attempt 0A - HTTP: 200, Count: 1
[2026-07-02 14:08:46] SUCCESS with filter exact match
[2026-07-02 14:08:46] === GENIEACS DEBUG END ===
[2026-07-02 14:22:07] === GENIEACS DEBUG START ===
[2026-07-02 14:22:07] Original device_id from URL: F814FE-F663NV3a-ZICGA5755295
[2026-07-02 14:22:07] Fully decoded device_id: F814FE-F663NV3a-ZICGA5755295
[2026-07-02 14:22:07] Device ID variants to try: ["F814FE-F663NV3a-ZICGA5755295"]
[2026-07-02 14:22:07] Attempt 0A - Filter exact: devices?query=%7B%22_id%22%3A%22F814FE-F663NV3a-ZICGA5755295%22%7D
[2026-07-02 14:22:07] Attempt 0A - HTTP: 200, Count: 1
[2026-07-02 14:22:07] SUCCESS with filter exact match
[2026-07-02 14:22:07] === GENIEACS DEBUG END ===
[2026-07-02 14:31:55] === GENIEACS DEBUG START ===
[2026-07-02 14:31:55] Original device_id from URL: F814FE-F663NV3a-ZICGA5755295
[2026-07-02 14:31:55] Fully decoded device_id: F814FE-F663NV3a-ZICGA5755295
[2026-07-02 14:31:55] Device ID variants to try: ["F814FE-F663NV3a-ZICGA5755295"]
[2026-07-02 14:31:55] Attempt 0A - Filter exact: devices?query=%7B%22_id%22%3A%22F814FE-F663NV3a-ZICGA5755295%22%7D
[2026-07-02 14:31:55] Attempt 0A - HTTP: 200, Count: 1
[2026-07-02 14:31:55] SUCCESS with filter exact match
[2026-07-02 14:31:55] === GENIEACS DEBUG END ===
[2026-07-02 14:41:57] === GENIEACS DEBUG START ===
[2026-07-02 14:41:57] Original device_id from URL: F814FE-F663NV3a-ZICGA5755295
[2026-07-02 14:41:57] Fully decoded device_id: F814FE-F663NV3a-ZICGA5755295
[2026-07-02 14:41:57] Device ID variants to try: ["F814FE-F663NV3a-ZICGA5755295"]
[2026-07-02 14:41:57] Attempt 0A - Filter exact: devices?query=%7B%22_id%22%3A%22F814FE-F663NV3a-ZICGA5755295%22%7D
[2026-07-02 14:41:57] Attempt 0A - HTTP: 200, Count: 1
[2026-07-02 14:41:57] SUCCESS with filter exact match
[2026-07-02 14:41:57] === GENIEACS DEBUG END ===
[2026-07-02 14:42:40] === GENIEACS DEBUG START ===
[2026-07-02 14:42:40] Original device_id from URL: F814FE-F663NV3a-ZICGA57506D8
[2026-07-02 14:42:40] Fully decoded device_id: F814FE-F663NV3a-ZICGA57506D8
[2026-07-02 14:42:40] Found in DB: F814FE-F663NV3a-ZICGA57506D8
[2026-07-02 14:42:40] Device ID variants to try: ["F814FE-F663NV3a-ZICGA57506D8"]
[2026-07-02 14:42:40] Attempt 0A - Filter exact: devices?query=%7B%22_id%22%3A%22F814FE-F663NV3a-ZICGA57506D8%22%7D
[2026-07-02 14:42:40] Attempt 0A - HTTP: 200, Count: 1
[2026-07-02 14:42:40] SUCCESS with filter exact match
[2026-07-02 14:42:40] === GENIEACS DEBUG END ===
[2026-07-02 14:43:16] === GENIEACS DEBUG START ===
[2026-07-02 14:43:16] Original device_id from URL: F814FE-F663NV3a-ZICGA57506D8
[2026-07-02 14:43:16] Fully decoded device_id: F814FE-F663NV3a-ZICGA57506D8
[2026-07-02 14:43:16] Found in DB: F814FE-F663NV3a-ZICGA57506D8
[2026-07-02 14:43:16] Device ID variants to try: ["F814FE-F663NV3a-ZICGA57506D8"]
[2026-07-02 14:43:16] Attempt 0A - Filter exact: devices?query=%7B%22_id%22%3A%22F814FE-F663NV3a-ZICGA57506D8%22%7D
[2026-07-02 14:43:16] Attempt 0A - HTTP: 200, Count: 1
[2026-07-02 14:43:16] SUCCESS with filter exact match
[2026-07-02 14:43:16] === GENIEACS DEBUG END ===
[2026-07-02 14:43:41] === GENIEACS DEBUG START ===
[2026-07-02 14:43:41] Original device_id from URL: 80B07B-F663NV3A-ZTEGCA8F7BAC
[2026-07-02 14:43:41] Fully decoded device_id: 80B07B-F663NV3A-ZTEGCA8F7BAC
[2026-07-02 14:43:41] Device ID variants to try: ["80B07B-F663NV3A-ZTEGCA8F7BAC"]
[2026-07-02 14:43:41] Attempt 0A - Filter exact: devices?query=%7B%22_id%22%3A%2280B07B-F663NV3A-ZTEGCA8F7BAC%22%7D
[2026-07-02 14:43:41] Attempt 0A - HTTP: 200, Count: 1
[2026-07-02 14:43:41] SUCCESS with filter exact match
[2026-07-02 14:43:41] === GENIEACS DEBUG END ===
[2026-07-02 14:43:56] === GENIEACS DEBUG START ===
[2026-07-02 14:43:56] Original device_id from URL: F814FE-F663NV3a-ZICGA574B27E
[2026-07-02 14:43:56] Fully decoded device_id: F814FE-F663NV3a-ZICGA574B27E
[2026-07-02 14:43:56] Device ID variants to try: ["F814FE-F663NV3a-ZICGA574B27E"]
[2026-07-02 14:43:56] Attempt 0A - Filter exact: devices?query=%7B%22_id%22%3A%22F814FE-F663NV3a-ZICGA574B27E%22%7D
[2026-07-02 14:43:56] Attempt 0A - HTTP: 200, Count: 1
[2026-07-02 14:43:56] SUCCESS with filter exact match
[2026-07-02 14:43:56] === GENIEACS DEBUG END ===
[2026-07-02 14:44:48] === GENIEACS DEBUG START ===
[2026-07-02 14:44:48] Original device_id from URL: F814FE-F663NV3a-ZICGA5755295
[2026-07-02 14:44:48] Fully decoded device_id: F814FE-F663NV3a-ZICGA5755295
[2026-07-02 14:44:48] Device ID variants to try: ["F814FE-F663NV3a-ZICGA5755295"]
[2026-07-02 14:44:48] Attempt 0A - Filter exact: devices?query=%7B%22_id%22%3A%22F814FE-F663NV3a-ZICGA5755295%22%7D
[2026-07-02 14:44:48] Attempt 0A - HTTP: 200, Count: 1
[2026-07-02 14:44:48] SUCCESS with filter exact match
[2026-07-02 14:44:48] === GENIEACS DEBUG END ===
[2026-07-02 14:47:28] === GENIEACS DEBUG START ===
[2026-07-02 14:47:28] Original device_id from URL: 00259E-HS8145C-48575443C221449C
[2026-07-02 14:47:28] Fully decoded device_id: 00259E-HS8145C-48575443C221449C
[2026-07-02 14:47:28] Found in DB: 00259E-HS8145C-48575443C221449C
[2026-07-02 14:47:28] Device ID variants to try: ["00259E-HS8145C-48575443C221449C"]
[2026-07-02 14:47:28] Attempt 0A - Filter exact: devices?query=%7B%22_id%22%3A%2200259E-HS8145C-48575443C221449C%22%7D
[2026-07-02 14:47:28] Attempt 0A - HTTP: 200, Count: 1
[2026-07-02 14:47:28] SUCCESS with filter exact match
[2026-07-02 14:47:28] === GENIEACS DEBUG END ===
[2026-07-02 14:47:49] === GENIEACS DEBUG START ===
[2026-07-02 14:47:49] Original device_id from URL: F814FE-F663NV3a-ZICGA5755295
[2026-07-02 14:47:49] Fully decoded device_id: F814FE-F663NV3a-ZICGA5755295
[2026-07-02 14:47:49] Device ID variants to try: ["F814FE-F663NV3a-ZICGA5755295"]
[2026-07-02 14:47:49] Attempt 0A - Filter exact: devices?query=%7B%22_id%22%3A%22F814FE-F663NV3a-ZICGA5755295%22%7D
[2026-07-02 14:47:49] Attempt 0A - HTTP: 200, Count: 1
[2026-07-02 14:47:49] SUCCESS with filter exact match
[2026-07-02 14:47:49] === GENIEACS DEBUG END ===
[2026-07-02 14:50:37] === GENIEACS DEBUG START ===
[2026-07-02 14:50:37] Original device_id from URL: F814FE-F663NV3a-ZICGA5755295
[2026-07-02 14:50:37] Fully decoded device_id: F814FE-F663NV3a-ZICGA5755295
[2026-07-02 14:50:37] Device ID variants to try: ["F814FE-F663NV3a-ZICGA5755295"]
[2026-07-02 14:50:37] Attempt 0A - Filter exact: devices?query=%7B%22_id%22%3A%22F814FE-F663NV3a-ZICGA5755295%22%7D
[2026-07-02 14:50:37] Attempt 0A - HTTP: 200, Count: 1
[2026-07-02 14:50:37] SUCCESS with filter exact match
[2026-07-02 14:50:37] === GENIEACS DEBUG END ===
[2026-07-02 14:55:34] === GENIEACS DEBUG START ===
[2026-07-02 14:55:34] Original device_id from URL: F814FE-F663NV3a-ZICGA5755295
[2026-07-02 14:55:34] Fully decoded device_id: F814FE-F663NV3a-ZICGA5755295
[2026-07-02 14:55:34] Device ID variants to try: ["F814FE-F663NV3a-ZICGA5755295"]
[2026-07-02 14:55:34] Attempt 0A - Filter exact: devices?query=%7B%22_id%22%3A%22F814FE-F663NV3a-ZICGA5755295%22%7D
[2026-07-02 14:55:34] Attempt 0A - HTTP: 200, Count: 1
[2026-07-02 14:55:34] SUCCESS with filter exact match
[2026-07-02 14:55:34] === GENIEACS DEBUG END ===
[2026-07-02 15:04:04] === GENIEACS DEBUG START ===
[2026-07-02 15:04:04] Original device_id from URL: F814FE-F663NV3a-ZICGA5755295
[2026-07-02 15:04:04] Fully decoded device_id: F814FE-F663NV3a-ZICGA5755295
[2026-07-02 15:04:04] Device ID variants to try: ["F814FE-F663NV3a-ZICGA5755295"]
[2026-07-02 15:04:04] Attempt 0A - Filter exact: devices?query=%7B%22_id%22%3A%22F814FE-F663NV3a-ZICGA5755295%22%7D
[2026-07-02 15:04:04] Attempt 0A - HTTP: 200, Count: 1
[2026-07-02 15:04:04] SUCCESS with filter exact match
[2026-07-02 15:04:04] === GENIEACS DEBUG END ===
[2026-07-02 15:12:48] === GENIEACS DEBUG START ===
[2026-07-02 15:12:48] Original device_id from URL: F814FE-F663NV3a-ZICGA5755295
[2026-07-02 15:12:48] Fully decoded device_id: F814FE-F663NV3a-ZICGA5755295
[2026-07-02 15:12:48] Device ID variants to try: ["F814FE-F663NV3a-ZICGA5755295"]
[2026-07-02 15:12:48] Attempt 0A - Filter exact: devices?query=%7B%22_id%22%3A%22F814FE-F663NV3a-ZICGA5755295%22%7D
[2026-07-02 15:12:48] Attempt 0A - HTTP: 200, Count: 1
[2026-07-02 15:12:48] SUCCESS with filter exact match
[2026-07-02 15:12:48] === GENIEACS DEBUG END ===
[2026-07-02 15:23:52] === GENIEACS DEBUG START ===
[2026-07-02 15:23:52] Original device_id from URL: F814FE-F663NV3a-ZICGA57506D8
[2026-07-02 15:23:52] Fully decoded device_id: F814FE-F663NV3a-ZICGA57506D8
[2026-07-02 15:23:52] Found in DB: F814FE-F663NV3a-ZICGA57506D8
[2026-07-02 15:23:52] Device ID variants to try: ["F814FE-F663NV3a-ZICGA57506D8"]
[2026-07-02 15:23:52] Attempt 0A - Filter exact: devices?query=%7B%22_id%22%3A%22F814FE-F663NV3a-ZICGA57506D8%22%7D
[2026-07-02 15:23:52] Attempt 0A - HTTP: 200, Count: 1
[2026-07-02 15:23:52] SUCCESS with filter exact match
[2026-07-02 15:23:52] === GENIEACS DEBUG END ===
[2026-07-02 15:25:14] === GENIEACS DEBUG START ===
[2026-07-02 15:25:14] Original device_id from URL: F814FE-F663NV3a-ZICGA57506D8
[2026-07-02 15:25:14] Fully decoded device_id: F814FE-F663NV3a-ZICGA57506D8
[2026-07-02 15:25:14] Found in DB: F814FE-F663NV3a-ZICGA57506D8
[2026-07-02 15:25:14] Device ID variants to try: ["F814FE-F663NV3a-ZICGA57506D8"]
[2026-07-02 15:25:14] Attempt 0A - Filter exact: devices?query=%7B%22_id%22%3A%22F814FE-F663NV3a-ZICGA57506D8%22%7D
[2026-07-02 15:25:14] Attempt 0A - HTTP: 200, Count: 1
[2026-07-02 15:25:14] SUCCESS with filter exact match
[2026-07-02 15:25:14] === GENIEACS DEBUG END ===
[2026-07-02 15:26:26] === GENIEACS DEBUG START ===
[2026-07-02 15:26:26] Original device_id from URL: F814FE-F663NV3a-ZICGA5755295
[2026-07-02 15:26:26] Fully decoded device_id: F814FE-F663NV3a-ZICGA5755295
[2026-07-02 15:26:26] Device ID variants to try: ["F814FE-F663NV3a-ZICGA5755295"]
[2026-07-02 15:26:26] Attempt 0A - Filter exact: devices?query=%7B%22_id%22%3A%22F814FE-F663NV3a-ZICGA5755295%22%7D
[2026-07-02 15:26:26] Attempt 0A - HTTP: 200, Count: 1
[2026-07-02 15:26:26] SUCCESS with filter exact match
[2026-07-02 15:26:26] === GENIEACS DEBUG END ===
[2026-07-02 15:26:42] === GENIEACS DEBUG START ===
[2026-07-02 15:26:42] Original device_id from URL: F814FE-F663NV3a-ZICGA5755295
[2026-07-02 15:26:42] Fully decoded device_id: F814FE-F663NV3a-ZICGA5755295
[2026-07-02 15:26:42] Device ID variants to try: ["F814FE-F663NV3a-ZICGA5755295"]
[2026-07-02 15:26:42] Attempt 0A - Filter exact: devices?query=%7B%22_id%22%3A%22F814FE-F663NV3a-ZICGA5755295%22%7D
[2026-07-02 15:26:42] Attempt 0A - HTTP: 200, Count: 1
[2026-07-02 15:26:42] SUCCESS with filter exact match
[2026-07-02 15:26:42] === GENIEACS DEBUG END ===
[2026-07-02 15:26:44] === GENIEACS DEBUG START ===
[2026-07-02 15:26:44] Original device_id from URL: F814FE-F663NV3a-ZICGA5755295
[2026-07-02 15:26:44] Fully decoded device_id: F814FE-F663NV3a-ZICGA5755295
[2026-07-02 15:26:44] Device ID variants to try: ["F814FE-F663NV3a-ZICGA5755295"]
[2026-07-02 15:26:44] Attempt 0A - Filter exact: devices?query=%7B%22_id%22%3A%22F814FE-F663NV3a-ZICGA5755295%22%7D
[2026-07-02 15:26:44] Attempt 0A - HTTP: 200, Count: 1
[2026-07-02 15:26:44] SUCCESS with filter exact match
[2026-07-02 15:26:44] === GENIEACS DEBUG END ===
[2026-07-02 15:30:00] === GENIEACS DEBUG START ===
[2026-07-02 15:30:00] Original device_id from URL: F814FE-F663NV3a-ZICGA5755295
[2026-07-02 15:30:00] Fully decoded device_id: F814FE-F663NV3a-ZICGA5755295
[2026-07-02 15:30:00] Device ID variants to try: ["F814FE-F663NV3a-ZICGA5755295"]
[2026-07-02 15:30:00] Attempt 0A - Filter exact: devices?query=%7B%22_id%22%3A%22F814FE-F663NV3a-ZICGA5755295%22%7D
[2026-07-02 15:30:00] Attempt 0A - HTTP: 200, Count: 1
[2026-07-02 15:30:00] SUCCESS with filter exact match
[2026-07-02 15:30:00] === GENIEACS DEBUG END ===
[2026-07-02 15:41:16] === GENIEACS DEBUG START ===
[2026-07-02 15:41:16] Original device_id from URL: F814FE-F663NV3a-ZICGA5755295
[2026-07-02 15:41:16] Fully decoded device_id: F814FE-F663NV3a-ZICGA5755295
[2026-07-02 15:41:16] Device ID variants to try: ["F814FE-F663NV3a-ZICGA5755295"]
[2026-07-02 15:41:16] Attempt 0A - Filter exact: devices?query=%7B%22_id%22%3A%22F814FE-F663NV3a-ZICGA5755295%22%7D
[2026-07-02 15:41:16] Attempt 0A - HTTP: 200, Count: 1
[2026-07-02 15:41:16] SUCCESS with filter exact match
[2026-07-02 15:41:16] === GENIEACS DEBUG END ===
[2026-07-02 15:41:47] === GENIEACS DEBUG START ===
[2026-07-02 15:41:47] Original device_id from URL: F814FE-F663NV3a-ZICGA57506D8
[2026-07-02 15:41:47] Fully decoded device_id: F814FE-F663NV3a-ZICGA57506D8
[2026-07-02 15:41:47] Found in DB: F814FE-F663NV3a-ZICGA57506D8
[2026-07-02 15:41:47] Device ID variants to try: ["F814FE-F663NV3a-ZICGA57506D8"]
[2026-07-02 15:41:47] Attempt 0A - Filter exact: devices?query=%7B%22_id%22%3A%22F814FE-F663NV3a-ZICGA57506D8%22%7D
[2026-07-02 15:41:47] Attempt 0A - HTTP: 200, Count: 1
[2026-07-02 15:41:47] SUCCESS with filter exact match
[2026-07-02 15:41:47] === GENIEACS DEBUG END ===
[2026-07-02 16:09:26] === GENIEACS DEBUG START ===
[2026-07-02 16:09:26] Original device_id from URL: F814FE-F663NV3a-ZICGA5755295
[2026-07-02 16:09:26] Fully decoded device_id: F814FE-F663NV3a-ZICGA5755295
[2026-07-02 16:09:26] Device ID variants to try: ["F814FE-F663NV3a-ZICGA5755295"]
[2026-07-02 16:09:26] Attempt 0A - Filter exact: devices?query=%7B%22_id%22%3A%22F814FE-F663NV3a-ZICGA5755295%22%7D
[2026-07-02 16:09:26] Attempt 0A - HTTP: 200, Count: 1
[2026-07-02 16:09:26] SUCCESS with filter exact match
[2026-07-02 16:09:26] === GENIEACS DEBUG END ===
[2026-07-02 16:59:47] === GENIEACS DEBUG START ===
[2026-07-02 16:59:47] Original device_id from URL: F814FE-F663NV3a-ZICGA574B27E
[2026-07-02 16:59:47] Fully decoded device_id: F814FE-F663NV3a-ZICGA574B27E
[2026-07-02 16:59:47] Device ID variants to try: ["F814FE-F663NV3a-ZICGA574B27E"]
[2026-07-02 16:59:47] Attempt 0A - Filter exact: devices?query=%7B%22_id%22%3A%22F814FE-F663NV3a-ZICGA574B27E%22%7D
[2026-07-02 16:59:47] Attempt 0A - HTTP: 200, Count: 1
[2026-07-02 16:59:47] SUCCESS with filter exact match
[2026-07-02 16:59:47] === GENIEACS DEBUG END ===
[2026-07-02 17:00:03] === GENIEACS DEBUG START ===
[2026-07-02 17:00:03] Original device_id from URL: 80B07B-F663NV3A-ZTEGCA8F7BAC
[2026-07-02 17:00:03] Fully decoded device_id: 80B07B-F663NV3A-ZTEGCA8F7BAC
[2026-07-02 17:00:03] Device ID variants to try: ["80B07B-F663NV3A-ZTEGCA8F7BAC"]
[2026-07-02 17:00:03] Attempt 0A - Filter exact: devices?query=%7B%22_id%22%3A%2280B07B-F663NV3A-ZTEGCA8F7BAC%22%7D
[2026-07-02 17:00:03] Attempt 0A - HTTP: 200, Count: 1
[2026-07-02 17:00:03] SUCCESS with filter exact match
[2026-07-02 17:00:03] === GENIEACS DEBUG END ===
[2026-07-02 17:45:33] === GENIEACS DEBUG START ===
[2026-07-02 17:45:33] Original device_id from URL: F814FE-F663NV3a-ZICGA58A3C90
[2026-07-02 17:45:33] Fully decoded device_id: F814FE-F663NV3a-ZICGA58A3C90
[2026-07-02 17:45:33] Device ID variants to try: ["F814FE-F663NV3a-ZICGA58A3C90"]
[2026-07-02 17:45:33] Attempt 0A - Filter exact: devices?query=%7B%22_id%22%3A%22F814FE-F663NV3a-ZICGA58A3C90%22%7D
[2026-07-02 17:45:33] Attempt 0A - HTTP: 200, Count: 1
[2026-07-02 17:45:33] SUCCESS with filter exact match
[2026-07-02 17:45:33] === GENIEACS DEBUG END ===
[2026-07-02 17:52:26] === GENIEACS DEBUG START ===
[2026-07-02 17:52:26] Original device_id from URL: F814FE-F663NV3a-ZICGA58A3C90
[2026-07-02 17:52:26] Fully decoded device_id: F814FE-F663NV3a-ZICGA58A3C90
[2026-07-02 17:52:26] Device ID variants to try: ["F814FE-F663NV3a-ZICGA58A3C90"]
[2026-07-02 17:52:26] Attempt 0A - Filter exact: devices?query=%7B%22_id%22%3A%22F814FE-F663NV3a-ZICGA58A3C90%22%7D
[2026-07-02 17:52:26] Attempt 0A - HTTP: 200, Count: 1
[2026-07-02 17:52:26] SUCCESS with filter exact match
[2026-07-02 17:52:26] === GENIEACS DEBUG END ===
[2026-07-02 17:52:37] === GENIEACS DEBUG START ===
[2026-07-02 17:52:37] Original device_id from URL: F814FE-F663NV3a-ZICGA58A3C90
[2026-07-02 17:52:37] Fully decoded device_id: F814FE-F663NV3a-ZICGA58A3C90
[2026-07-02 17:52:37] Device ID variants to try: ["F814FE-F663NV3a-ZICGA58A3C90"]
[2026-07-02 17:52:37] Attempt 0A - Filter exact: devices?query=%7B%22_id%22%3A%22F814FE-F663NV3a-ZICGA58A3C90%22%7D
[2026-07-02 17:52:37] Attempt 0A - HTTP: 200, Count: 1
[2026-07-02 17:52:37] SUCCESS with filter exact match
[2026-07-02 17:52:37] === GENIEACS DEBUG END ===
[2026-07-02 17:57:38] === GENIEACS DEBUG START ===
[2026-07-02 17:57:38] Original device_id from URL: F814FE-F663NV3a-ZICGA58A3C90
[2026-07-02 17:57:38] Fully decoded device_id: F814FE-F663NV3a-ZICGA58A3C90
[2026-07-02 17:57:38] Device ID variants to try: ["F814FE-F663NV3a-ZICGA58A3C90"]
[2026-07-02 17:57:38] Attempt 0A - Filter exact: devices?query=%7B%22_id%22%3A%22F814FE-F663NV3a-ZICGA58A3C90%22%7D
[2026-07-02 17:57:38] Attempt 0A - HTTP: 200, Count: 1
[2026-07-02 17:57:38] SUCCESS with filter exact match
[2026-07-02 17:57:38] === GENIEACS DEBUG END ===
[2026-07-02 17:57:52] === GENIEACS DEBUG START ===
[2026-07-02 17:57:52] Original device_id from URL: F814FE-F663NV3a-ZICGA58A3C90
[2026-07-02 17:57:52] Fully decoded device_id: F814FE-F663NV3a-ZICGA58A3C90
[2026-07-02 17:57:52] Device ID variants to try: ["F814FE-F663NV3a-ZICGA58A3C90"]
[2026-07-02 17:57:52] Attempt 0A - Filter exact: devices?query=%7B%22_id%22%3A%22F814FE-F663NV3a-ZICGA58A3C90%22%7D
[2026-07-02 17:57:52] Attempt 0A - HTTP: 200, Count: 1
[2026-07-02 17:57:52] SUCCESS with filter exact match
[2026-07-02 17:57:52] === GENIEACS DEBUG END ===
[2026-07-02 17:57:56] === GENIEACS DEBUG START ===
[2026-07-02 17:57:56] Original device_id from URL: F814FE-F663NV3a-ZICGA58A3C90
[2026-07-02 17:57:56] Fully decoded device_id: F814FE-F663NV3a-ZICGA58A3C90
[2026-07-02 17:57:56] Device ID variants to try: ["F814FE-F663NV3a-ZICGA58A3C90"]
[2026-07-02 17:57:56] Attempt 0A - Filter exact: devices?query=%7B%22_id%22%3A%22F814FE-F663NV3a-ZICGA58A3C90%22%7D
[2026-07-02 17:57:56] Attempt 0A - HTTP: 200, Count: 1
[2026-07-02 17:57:56] SUCCESS with filter exact match
[2026-07-02 17:57:56] === GENIEACS DEBUG END ===
